step,ball_x,ball_y,ball_vx,ball_vy,ball_speed,root_height
1,0.724126317331655,-0.0012318272235152623,0.0,0.0,0.0,-0.5540243103415983
2,0.724126317331655,-0.0012318272235152623,0.0,0.0,0.0,-0.5774995872491602
3,0.724126317331655,-0.0012318272235152623,0.0,0.0,0.0,-0.5961119313779505
4,0.724126317331655,-0.0012318272235152623,0.0,0.0,0.0,-0.6085501097246042
5,0.724126317331655,-0.0012318272235152623,0.0,0.0,0.0,-0.6147254415478184
6,0.724126317331655,-0.0012318272235152623,0.0,0.0,0.0,-0.6154620772197501
7,0.724126317331655,-0.0012318272235152623,0.0,0.0,0.0,-0.6115587115741781
8,0.724126317331655,-0.0012318272235152623,0.0,0.0,0.0,-0.6026088296912594
9,0.724126317331655,-0.0012318272235152623,0.0,0.0,0.0,-0.5877340244561523
10,0.724126317331655,-0.0012318272235152623,0.0,0.0,0.0,-0.5666268180204909
11,0.724126317331655,-0.0012318272235152623,0.0,0.0,0.0,-0.5398230088556314
12,0.724126317331655,-0.0012318272235152623,0.0,0.0,0.0,-0.5082192239767322
13,0.724126317331655,-0.0012318272235152623,0.0,0.0,0.0,-0.4733043061757729
14,0.724126317331655,-0.0012318272235152623,0.0,0.0,0.0,-0.43622576021363535
15,0.724126317331655,-0.0012318272235152623,0.0,0.0,0.0,-0.3987350954033581
16,0.724126317331655,-0.0012318272235152623,0.0,0.0,0.0,-0.3615691205486769
17,0.724126317331655,-0.0012318272235152623,0.0,0.0,0.0,-0.3246168871346173
18,0.724126317331655,-0.0012318272235152623,0.0,0.0,0.0,-0.2900309154409404
19,0.724126317331655,-0.0012318272235152623,0.0,0.0,0.0,-0.25784001804598067
20,0.724126317331655,-0.0012318272235152623,0.0,0.0,0.0,-0.22751696638745386
21,0.724126317331655,-0.0012318272235152623,0.0,0.0,0.0,-0.2010997908306948
22,0.724126317331655,-0.0012318272235152623,0.0,0.0,0.0,-0.1782370279038064
23,0.724126317331655,-0.0012318272235152623,0.0,0.0,0.0,-0.1587577299849941
24,0.724126317331655,-0.0012318272235152623,0.0,0.0,0.0,-0.14366330400222194
25,0.724126317331655,-0.0012318272235152623,0.0,0.0,0.0,-0.1324861189687939
26,0.724126317331655,-0.0012318272235152623,0.0,0.0,0.0,-0.12488396263383382
27,0.724126317331655,-0.0012318272235152623,0.0,0.0,0.0,-0.12100532832017107
28,0.724126317331655,-0.0012318272235152623,0.0,0.0,0.0,-0.12069055325522789
29,0.724126317331655,-0.0012318272235152623,0.0,0.0,0.0,-0.12377982505437472
30,0.724126317331655,-0.0012318272235152623,0.0,0.0,0.0,-0.13020088954382691
31,0.724126317331655,-0.0012318272235152623,0.0,0.0,0.0,-0.13999497972004918
32,0.724126317331655,-0.0012318272235152623,0.0,0.0,0.0,-0.15311900525754452
33,0.724126317331655,-0.0012318272235152623,0.0,0.0,0.0,-0.16967371356845978
34,0.724126317331655,-0.0012318272235152623,0.0,0.0,0.0,-0.1892739007255322
35,0.724126317331655,-0.0012318272235152623,0.0,0.0,0.0,-0.2120939660277742
36,0.724126317331655,-0.0012318272235152623,0.0,0.0,0.0,-0.23830612089171221
37,0.724126317331655,-0.0012318272235152623,0.0,0.0,0.0,-0.2676200309943174
38,0.724126317331655,-0.0012318272235152623,0.0,0.0,0.0,-0.30014537701807686
39,0.724126317331655,-0.0012318272235152623,0.0,0.0,0.0,-0.3351884129465453
40,0.724126317331655,-0.0012318272235152623,0.0,0.0,0.0,-0.3731917159629895
41,0.724126317331655,-0.0012318272235152623,0.0,0.0,0.0,-0.413014672932008
42,0.724126317331655,-0.0012318272235152623,0.0,0.0,0.0,-0.45415881246069467
43,0.724126317331655,-0.0012318272235152623,0.0,0.0,0.0,-0.4967695070696482
44,0.724126317331655,-0.0012318272235152623,0.0,0.0,0.0,-0.5379910130457684
45,0.724126317331655,-0.0012318272235152623,0.0,0.0,0.0,-0.5736731935075774
46,0.724126317331655,-0.0012318272235152623,0.0,0.0,0.0,-0.6028421381431218
47,0.724126317331655,-0.0012318272235152623,0.0,0.0,0.0,-0.6211968594363635
48,0.724126317331655,-0.0012318272235152623,0.0,0.0,0.0,-0.6295710233089487
49,0.724126317331655,-0.0012318272235152623,0.0,0.0,0.0,-0.6295026598106355
50,0.724126317331655,-0.0012318272235152623,0.0,0.0,0.0,-0.6228115357737867
51,0.724126317331655,-0.0012318272235152623,0.0,0.0,0.0,-0.6107900970031
52,0.724126317331655,-0.0012318272235152623,0.0,0.0,0.0,-0.5945184468212559
53,0.724126317331655,-0.0012318272235152623,0.0,0.0,0.0,-0.5750370802623651
54,0.724126317331655,-0.0012318272235152623,0.0,0.0,0.0,-0.5531747684450465
55,0.724126317331655,-0.0012318272235152623,0.0,0.0,0.0,-0.5295897171374575
56,0.724126317331655,-0.0012318272235152623,0.0,0.0,0.0,-0.5052431205088511
57,0.724126317331655,-0.0012318272235152623,0.0,0.0,0.0,-0.48021750933655166
58,0.724126317331655,-0.0012318272235152623,0.0,0.0,0.0,-0.4543223219641336
59,0.724126317331655,-0.0012318272235152623,0.0,0.0,0.0,-0.42749034229371935
60,0.724126317331655,-0.0012318272235152623,0.0,0.0,0.0,-0.4004014691363964
61,0.724126317331655,-0.0012318272235152623,0.0,0.0,0.0,-0.3733588149338774
62,0.724126317331655,-0.0012318272235152623,0.0,0.0,0.0,-0.346414968732585
63,0.724126317331655,-0.0012318272235152623,0.0,0.0,0.0,-0.32028457171106806
64,0.724126317331655,-0.0012318272235152623,0.0,0.0,0.0,-0.2958182358103162
65,0.724126317331655,-0.0012318272235152623,0.0,0.0,0.0,-0.2729589869686435
66,0.724126317331655,-0.0012318272235152623,0.0,0.0,0.0,-0.2518576992039672
67,0.724126317331655,-0.0012318272235152623,0.0,0.0,0.0,-0.23261482328822464
68,0.724126317331655,-0.0012318272235152623,0.0,0.0,0.0,-0.21525995973505893
69,0.724126317331655,-0.0012318272235152623,0.0,0.0,0.0,-0.20059162085705454
70,0.724126317331655,-0.0012318272235152623,0.0,0.0,0.0,-0.18956365428496477
71,0.724126317331655,-0.0012318272235152623,0.0,0.0,0.0,-0.18246572536000377
72,0.724126317331655,-0.0012318272235152623,0.0,0.0,0.0,-0.17936745101315105
73,0.724126317331655,-0.0012318272235152623,0.0,0.0,0.0,-0.18040541429325924
74,0.724126317331655,-0.0012318272235152623,0.0,0.0,0.0,-0.18549696301590565
75,0.724126317331655,-0.0012318272235152623,0.0,0.0,0.0,-0.19449192167885831
76,0.724126317331655,-0.0012318272235152623,0.0,0.0,0.0,-0.2071052759279651
77,0.724126317331655,-0.0012318272235152623,0.0,0.0,0.0,-0.222974957340387
78,0.724126317331655,-0.0012318272235152623,0.0,0.0,0.0,-0.24187049023587284
79,0.724126317331655,-0.0012318272235152623,0.0,0.0,0.0,-0.26366756350435033
80,0.724126317331655,-0.0012318272235152623,0.0,0.0,0.0,-0.2882271437371837
81,0.724126317331655,-0.0012318272235152623,0.0,0.0,0.0,-0.3150470188677327
82,0.724126317331655,-0.0012318272235152623,0.0,0.0,0.0,-0.34398189722739514
83,0.724126317331655,-0.0012318272235152623,0.0,0.0,0.0,-0.37488281698317394
84,0.724126317331655,-0.0012318272235152623,0.0,0.0,0.0,-0.4072615712926258
85,0.724126317331655,-0.0012318272235152623,0.0,0.0,0.0,-0.4408695253097445
86,0.724126317331655,-0.0012318272235152623,0.0,0.0,0.0,-0.47542395158822826
87,0.724126317331655,-0.0012318272235152623,0.0,0.0,0.0,-0.5100960254554023
88,0.724126317331655,-0.0012318272235152623,0.0,0.0,0.0,-0.5435498816628165
89,0.724126317331655,-0.0012318272235152623,0.0,0.0,0.0,-0.571690557591447
90,0.724126317331655,-0.0012318272235152623,0.0,0.0,0.0,-0.5912685446863548
91,0.724126317331655,-0.0012318272235152623,0.0,0.0,0.0,-0.6038257108871946
92,0.724126317331655,-0.0012318272235152623,0.0,0.0,0.0,-0.6112627191226292
93,0.724126317331655,-0.0012318272235152623,0.0,0.0,0.0,-0.6151379818791851
94,0.724126317331655,-0.0012318272235152623,0.0,0.0,0.0,-0.6164350028186036
95,0.724126317331655,-0.0012318272235152623,0.0,0.0,0.0,-0.6156041094808149
96,0.724126317331655,-0.0012318272235152623,0.0,0.0,0.0,-0.6128704938391796
97,0.724126317331655,-0.0012318272235152623,0.0,0.0,0.0,-0.6082859235705764
98,0.724126317331655,-0.0012318272235152623,0.0,0.0,0.0,-0.6017913811118115
99,0.724126317331655,-0.0012318272235152623,0.0,0.0,0.0,-0.5930791903278954
100,0.724126317331655,-0.0012318272235152623,0.0,0.0,0.0,-0.582201392003947
101,0.724126317331655,-0.0012318272235152623,0.0,0.0,0.0,-0.5693013299360083
102,0.724126317331655,-0.0012318272235152623,0.0,0.0,0.0,-0.5544683600517705
103,0.724126317331655,-0.0012318272235152623,0.0,0.0,0.0,-0.5380434196296064
104,0.724126317331655,-0.0012318272235152623,0.0,0.0,0.0,-0.5205088063381947
105,0.724126317331655,-0.0012318272235152623,0.0,0.0,0.0,-0.5024127242679132
106,0.724126317331655,-0.0012318272235152623,0.0,0.0,0.0,-0.48439665126497206
107,0.724126317331655,-0.0012318272235152623,0.0,0.0,0.0,-0.4669757284823746
108,0.724126317331655,-0.0012318272235152623,0.0,0.0,0.0,-0.45075906930098614
109,0.724126317331655,-0.0012318272235152623,0.0,0.0,0.0,-0.4364632784555383
110,0.724126317331655,-0.0012318272235152623,0.0,0.0,0.0,-0.42470677430019876
111,0.724126317331655,-0.0012318272235152623,0.0,0.0,0.0,-0.4157849720264875
112,0.724126317331655,-0.0012318272235152623,0.0,0.0,0.0,-0.4103199179055316
113,0.724126317331655,-0.0012318272235152623,0.0,0.0,0.0,-0.4082639623997661
114,0.724126317331655,-0.0012318272235152623,0.0,0.0,0.0,-0.40972736082428485
115,0.724126317331655,-0.0012318272235152623,0.0,0.0,0.0,-0.41496172936786785
116,0.724126317331655,-0.0012318272235152623,0.0,0.0,0.0,-0.42353590441839495
117,0.724126317331655,-0.0012318272235152623,0.0,0.0,0.0,-0.43511980277997486
118,0.724126317331655,-0.0012318272235152623,0.0,0.0,0.0,-0.44944229008797043
119,0.724126317331655,-0.0012318272235152623,0.0,0.0,0.0,-0.4660730117372119
120,0.724126317331655,-0.0012318272235152623,0.0,0.0,0.0,-0.48470358284589504
121,0.724126317331655,-0.0012318272235152623,0.0,0.0,0.0,-0.5047329584263537
122,0.724126317331655,-0.0012318272235152623,0.0,0.0,0.0,-0.5257581814852058
123,0.724126317331655,-0.0012318272235152623,0.0,0.0,0.0,-0.5469575237939702
124,0.724126317331655,-0.0012318272235152623,0.0,0.0,0.0,-0.567158741215995
125,0.724126317331655,-0.0012318272235152623,0.0,0.0,0.0,-0.5843263088547709
126,0.724126317331655,-0.0012318272235152623,0.0,0.0,0.0,-0.5979585537065658
127,0.724126317331655,-0.0012318272235152623,0.0,0.0,0.0,-0.6079584959259168
128,0.724126317331655,-0.0012318272235152623,0.0,0.0,0.0,-0.6148308115485656
129,0.724126317331655,-0.0012318272235152623,0.0,0.0,0.0,-0.619100924601965
130,0.724126317331655,-0.0012318272235152623,0.0,0.0,0.0,-0.6205945097016775
131,0.724126317331655,-0.0012318272235152623,0.0,0.0,0.0,-0.6190465983522528
132,0.724126317331655,-0.0012318272235152623,0.0,0.0,0.0,-0.6145645535539193
133,0.724126317331655,-0.0012318272235152623,0.0,0.0,0.0,-0.6073814793463347
134,0.724126317331655,-0.0012318272235152623,0.0,0.0,0.0,-0.5977525886053413
135,0.724126317331655,-0.0012318272235152623,0.0,0.0,0.0,-0.5861634475326921
136,0.724126317331655,-0.0012318272235152623,0.0,0.0,0.0,-0.5732268827493024
137,0.724126317331655,-0.0012318272235152623,0.0,0.0,0.0,-0.5592583027748163
138,0.724126317331655,-0.0012318272235152623,0.0,0.0,0.0,-0.5444054053930154
139,0.724126317331655,-0.0012318272235152623,0.0,0.0,0.0,-0.5290972174712726
140,0.724126317331655,-0.0012318272235152623,0.0,0.0,0.0,-0.5136897613953834
141,0.724126317331655,-0.0012318272235152623,0.0,0.0,0.0,-0.49824920043696797
142,0.724126317331655,-0.0012318272235152623,0.0,0.0,0.0,-0.4829053938772561
143,0.724126317331655,-0.0012318272235152623,0.0,0.0,0.0,-0.46779121153606346
144,0.724126317331655,-0.0012318272235152623,0.0,0.0,0.0,-0.45304628709540773
145,0.724126317331655,-0.0012318272235152623,0.0,0.0,0.0,-0.4388182055963154
146,0.724126317331655,-0.0012318272235152623,0.0,0.0,0.0,-0.42535526902464355
147,0.724126317331655,-0.0012318272235152623,0.0,0.0,0.0,-0.41325131672412335
148,0.724126317331655,-0.0012318272235152623,0.0,0.0,0.0,-0.4026396018996079
149,0.724126317331655,-0.0012318272235152623,0.0,0.0,0.0,-0.3933714157926977
150,0.724126317331655,-0.0012318272235152623,0.0,0.0,0.0,-0.3858872164912883
151,0.724126317331655,-0.0012318272235152623,0.0,0.0,0.0,-0.3812255233731114
152,0.724126317331655,-0.0012318272235152623,0.0,0.0,0.0,-0.37959561788308127
153,0.724126317331655,-0.0012318272235152623,0.0,0.0,0.0,-0.3808021351786818
154,0.724126317331655,-0.0012318272235152623,0.0,0.0,0.0,-0.3847746204208064
155,0.724126317331655,-0.0012318272235152623,0.0,0.0,0.0,-0.3914893921073655
156,0.724126317331655,-0.0012318272235152623,0.0,0.0,0.0,-0.4009127187777409
157,0.724126317331655,-0.0012318272235152623,0.0,0.0,0.0,-0.4128978605830625
158,0.724126317331655,-0.0012318272235152623,0.0,0.0,0.0,-0.4271736647399497
159,0.724126317331655,-0.0012318272235152623,0.0,0.0,0.0,-0.44335986579145253
160,0.724126317331655,-0.0012318272235152623,0.0,0.0,0.0,-0.4609989520532421
161,0.724126317331655,-0.0012318272235152623,0.0,0.0,0.0,-0.47962433577821223
162,0.724126317331655,-0.0012318272235152623,0.0,0.0,0.0,-0.4988009751710312
163,0.724126317331655,-0.0012318272235152623,0.0,0.0,0.0,-0.5182798817532309
164,0.724126317331655,-0.0012318272235152623,0.0,0.0,0.0,-0.5378987241578741
165,0.724126317331655,-0.0012318272235152623,0.0,0.0,0.0,-0.5574810736214856
166,0.724126317331655,-0.0012318272235152623,0.0,0.0,0.0,-0.5752776920249872
167,0.724126317331655,-0.0012318272235152623,0.0,0.0,0.0,-0.5904114169348844
168,0.724126317331655,-0.0012318272235152623,0.0,0.0,0.0,-0.6012689255875603
169,0.724126317331655,-0.0012318272235152623,0.0,0.0,0.0,-0.6083161401419502
170,0.724126317331655,-0.0012318272235152623,0.0,0.0,0.0,-0.6125882891640234
171,0.724126317331655,-0.0012318272235152623,0.0,0.0,0.0,-0.6151177704526809
172,0.724126317331655,-0.0012318272235152623,0.0,0.0,0.0,-0.6163715062644073
173,0.724126317331655,-0.0012318272235152623,0.0,0.0,0.0,-0.6165062132559471
174,0.724126317331655,-0.0012318272235152623,0.0,0.0,0.0,-0.6155579513262339
175,0.724126317331655,-0.0012318272235152623,0.0,0.0,0.0,-0.6133420268098632
176,0.724126317331655,-0.0012318272235152623,0.0,0.0,0.0,-0.6098463790624711
177,0.724126317331655,-0.0012318272235152623,0.0,0.0,0.0,-0.605036357662618
178,0.724126317331655,-0.0012318272235152623,0.0,0.0,0.0,-0.5988960292655245
179,0.724126317331655,-0.0012318272235152623,0.0,0.0,0.0,-0.5912701692519671
180,0.724126317331655,-0.0012318272235152623,0.0,0.0,0.0,-0.5822189351286898
181,0.724126317331655,-0.0012318272235152623,0.0,0.0,0.0,-0.5720613688433968
182,0.724126317331655,-0.0012318272235152623,0.0,0.0,0.0,-0.5612294711605419
183,0.724126317331655,-0.0012318272235152623,0.0,0.0,0.0,-0.5501972817646357
184,0.724126317331655,-0.0012318272235152623,0.0,0.0,0.0,-0.5395040291377495
185,0.724126317331655,-0.0012318272235152623,0.0,0.0,0.0,-0.529705811053286
186,0.724126317331655,-0.0012318272235152623,0.0,0.0,0.0,-0.5213043907281678
187,0.724126317331655,-0.0012318272235152623,0.0,0.0,0.0,-0.5147319361917114
188,0.724126317331655,-0.0012318272235152623,0.0,0.0,0.0,-0.510356623517542
189,0.724126317331655,-0.0012318272235152623,0.0,0.0,0.0,-0.5084060141141219
190,0.724126317331655,-0.0012318272235152623,0.0,0.0,0.0,-0.50898680871881
191,0.724126317331655,-0.0012318272235152623,0.0,0.0,0.0,-0.5121882554957442
192,0.724126317331655,-0.0012318272235152623,0.0,0.0,0.0,-0.5179255786906458
193,0.724126317331655,-0.0012318272235152623,0.0,0.0,0.0,-0.5260256725780692
194,0.724126317331655,-0.0012318272235152623,0.0,0.0,0.0,-0.5362400634781079
195,0.724126317331655,-0.0012318272235152623,0.0,0.0,0.0,-0.5482162491458099
196,0.724126317331655,-0.0012318272235152623,0.0,0.0,0.0,-0.5615108267748482
197,0.724126317331655,-0.0012318272235152623,0.0,0.0,0.0,-0.5756215323954694
198,0.724126317331655,-0.0012318272235152623,0.0,0.0,0.0,-0.5900075897799274
199,0.724126317331655,-0.0012318272235152623,0.0,0.0,0.0,-0.6039258063312708
200,0.724126317331655,-0.0012318272235152623,0.0,0.0,0.0,-0.6155829013787857
201,0.724126317331655,-0.0012318272235152623,0.0,0.0,0.0,-0.6231062659267075
202,0.724126317331655,-0.0012318272235152623,0.0,0.0,0.0,-0.6262407923038589
203,0.724126317331655,-0.0012318272235152623,0.0,0.0,0.0,-0.6254768956526742
204,0.724126317331655,-0.0012318272235152623,0.0,0.0,0.0,-0.6221361859538077
205,0.724126317331655,-0.0012318272235152623,0.0,0.0,0.0,-0.6170910766090008
206,0.724126317331655,-0.0012318272235152623,0.0,0.0,0.0,-0.6109003265295436
207,0.724126317331655,-0.0012318272235152623,0.0,0.0,0.0,-0.6038746862790653
208,0.724126317331655,-0.0012318272235152623,0.0,0.0,0.0,-0.5962287569434078
209,0.724126317331655,-0.0012318272235152623,0.0,0.0,0.0,-0.5881398880143499
210,0.724126317331655,-0.0012318272235152623,0.0,0.0,0.0,-0.5796920818871877
211,0.724126317331655,-0.0012318272235152623,0.0,0.0,0.0,-0.5709374550760274
212,0.724126317331655,-0.0012318272235152623,0.0,0.0,0.0,-0.561916052432507
213,0.724126317331655,-0.0012318272235152623,0.0,0.0,0.0,-0.5527465862293349
214,0.724126317331655,-0.0012318272235152623,0.0,0.0,0.0,-0.5435349971327564
215,0.724126317331655,-0.0012318272235152623,0.0,0.0,0.0,-0.5342874011937816
216,0.724126317331655,-0.0012318272235152623,0.0,0.0,0.0,-0.5250099438727746
217,0.724126317331655,-0.0012318272235152623,0.0,0.0,0.0,-0.5157416186081946
218,0.724126317331655,-0.0012318272235152623,0.0,0.0,0.0,-0.5065666741009948
219,0.724126317331655,-0.0012318272235152623,0.0,0.0,0.0,-0.49759666008704106
220,0.724126317331655,-0.0012318272235152623,0.0,0.0,0.0,-0.48894594610981057
221,0.724126317331655,-0.0012318272235152623,0.0,0.0,0.0,-0.48076583527746597
222,0.724126317331655,-0.0012318272235152623,0.0,0.0,0.0,-0.47337806300287544
223,0.724126317331655,-0.0012318272235152623,0.0,0.0,0.0,-0.46734690588882993
224,0.724126317331655,-0.0012318272235152623,0.0,0.0,0.0,-0.4632548154694716
225,0.724126317331655,-0.0012318272235152623,0.0,0.0,0.0,-0.46151883575070457
226,0.724126317331655,-0.0012318272235152623,0.0,0.0,0.0,-0.4623837183806711
227,0.724126317331655,-0.0012318272235152623,0.0,0.0,0.0,-0.46590396385918637
228,0.724126317331655,-0.0012318272235152623,0.0,0.0,0.0,-0.4719200307318021
229,0.724126317331655,-0.0012318272235152623,0.0,0.0,0.0,-0.4801295871474165
230,0.724126317331655,-0.0012318272235152623,0.0,0.0,0.0,-0.49014935652408026
231,0.724126317331655,-0.0012318272235152623,0.0,0.0,0.0,-0.5015532152125215
232,0.724126317331655,-0.0012318272235152623,0.0,0.0,0.0,-0.5138969473883753
233,0.724126317331655,-0.0012318272235152623,0.0,0.0,0.0,-0.5267563090587317
234,0.724126317331655,-0.0012318272235152623,0.0,0.0,0.0,-0.5398003460315373
235,0.724126317331655,-0.0012318272235152623,0.0,0.0,0.0,-0.5528727915704887
236,0.724126317331655,-0.0012318272235152623,0.0,0.0,0.0,-0.5658888735747244
237,0.724126317331655,-0.0012318272235152623,0.0,0.0,0.0,-0.5782523298520504
238,0.724126317331655,-0.0012318272235152623,0.0,0.0,0.0,-0.5888703748514897
239,0.724126317331655,-0.0012318272235152623,0.0,0.0,0.0,-0.5971377105007223
240,0.724126317331655,-0.0012318272235152623,0.0,0.0,0.0,-0.6031571399791156
241,0.724126317331655,-0.0012318272235152623,0.0,0.0,0.0,-0.6077003593616932
242,0.724126317331655,-0.0012318272235152623,0.0,0.0,0.0,-0.6112671863410166
243,0.724126317331655,-0.0012318272235152623,0.0,0.0,0.0,-0.6140432326820485
244,0.724126317331655,-0.0012318272235152623,0.0,0.0,0.0,-0.6160135817388104
245,0.724126317331655,-0.0012318272235152623,0.0,0.0,0.0,-0.6170920790902866
246,0.724126317331655,-0.0012318272235152623,0.0,0.0,0.0,-0.617200441091113
247,0.724126317331655,-0.0012318272235152623,0.0,0.0,0.0,-0.6162472366497843
248,0.724126317331655,-0.0012318272235152623,0.0,0.0,0.0,-0.6143140887490474
249,0.724126317331655,-0.0012318272235152623,0.0,0.0,0.0,-0.6115577220688373
250,0.724126317331655,-0.0012318272235152623,0.0,0.0,0.0,-0.6080629641391608
