step,episode_step,terminated,truncated,ball_x,ball_y,ball_rel_waist_x,ball_rel_waist_y,ball_rel_waist_z,ball_qvel_x,ball_qvel_y,ball_speed_qvel,info_ball_speed,ball_visible,termination_ball_unseen,termination_ball_out,termination_fallen,reward_total
1,1,False,False,0.7285527586936951,1.95388662815094,1.99129056930542,-0.23072609305381775,-0.4604068994522095,0.0,0.0,0.0,0.0,1.0,0.0,0.0,0.0,0.07751631736755371
2,2,False,False,0.7285527586936951,1.95388662815094,1.984763503074646,-0.1851987987756729,-0.4896843731403351,0.0,0.0,0.0,0.0,1.0,0.0,0.0,0.0,0.06322766840457916
3,3,False,False,0.7285527586936951,1.95388662815094,1.977933645248413,-0.13661350309848785,-0.5150572061538696,0.0,0.0,0.0,0.0,1.0,0.0,0.0,0.0,0.06056126952171326
4,4,False,False,0.7285527586936951,1.95388662815094,1.9683418273925781,-0.12649032473564148,-0.5377963781356812,0.0,0.0,0.0,0.0,1.0,0.0,0.0,0.0,0.056904878467321396
5,5,False,False,0.7285527586936951,1.95388662815094,1.9560585021972656,-0.1415710598230362,-0.5623843669891357,0.0,0.0,0.0,0.0,1.0,0.0,0.0,0.0,0.0519954152405262
6,6,False,False,0.7285527586936951,1.95388662815094,1.9426268339157104,-0.1573418378829956,-0.5892655849456787,0.0,0.0,0.0,0.0,1.0,0.0,0.0,0.0,0.04538974538445473
7,7,False,False,0.7285527586936951,1.95388662815094,1.9285531044006348,-0.1726752668619156,-0.6177461743354797,0.0,0.0,0.0,0.0,1.0,0.0,0.0,0.0,0.037739675492048264
8,8,False,False,0.7285527586936951,1.95388662815094,1.9150434732437134,-0.186257004737854,-0.6453992128372192,0.0,0.0,0.0,0.0,1.0,0.0,0.0,0.0,0.03058813326060772
9,9,False,False,0.7285527586936951,1.95388662815094,1.9082319736480713,-0.19509664177894592,-0.659446656703949,0.0,0.0,0.0,0.0,1.0,0.0,0.0,0.0,0.027451438829302788
10,10,False,False,0.7285527586936951,1.95388662815094,1.9158824682235718,-0.18907882273197174,-0.6450643539428711,0.0,0.0,0.0,0.0,1.0,0.0,0.0,0.0,0.026198480278253555
11,11,False,False,0.7285527586936951,1.95388662815094,1.9334155321121216,-0.18078596889972687,-0.606903612613678,0.0,0.0,0.0,0.0,1.0,0.0,0.0,0.0,0.02286139689385891
12,12,False,False,0.7285527586936951,1.95388662815094,1.9551829099655151,-0.15143591165542603,-0.5589272975921631,0.0,0.0,0.0,0.0,1.0,0.0,0.0,0.0,0.01819186843931675
13,13,False,False,0.7285527586936951,1.95388662815094,1.9717532396316528,-0.11899835616350174,-0.5196883082389832,0.0,0.0,0.0,0.0,1.0,0.0,0.0,0.0,0.012400778010487556
14,14,False,False,0.7285527586936951,1.95388662815094,1.9800455570220947,-0.095380038022995,-0.49840521812438965,0.0,0.0,0.0,0.0,1.0,0.0,0.0,0.0,0.005328934174031019
15,15,False,False,0.7285527586936951,1.95388662815094,1.9805139303207397,-0.08081172406673431,-0.4971899390220642,0.0,0.0,0.0,0.0,1.0,0.0,0.0,0.0,0.0010194254573434591
16,16,False,False,0.7285527586936951,1.95388662815094,1.9745347499847412,-0.07641702145338058,-0.5131582021713257,0.0,0.0,0.0,0.0,1.0,0.0,0.0,0.0,-0.0008650870295241475
17,17,False,False,0.7285527586936951,1.95388662815094,1.9675606489181519,-0.08483795076608658,-0.5300597548484802,0.0,0.0,0.0,0.0,1.0,0.0,0.0,0.0,-0.0010256966343149543
18,18,False,False,0.7285527586936951,1.95388662815094,1.9658507108688354,-0.10338260233402252,-0.5300424098968506,0.0,0.0,0.0,0.0,1.0,0.0,0.0,0.0,0.000681547389831394
19,19,False,False,0.7285527586936951,1.95388662815094,1.9685676097869873,-0.13131645321846008,-0.5139792561531067,0.0,0.0,0.0,0.0,1.0,0.0,0.0,0.0,0.001657760119996965
20,20,False,False,0.7285527586936951,1.95388662815094,1.9702050685882568,-0.16965410113334656,-0.4952104985713959,0.0,0.0,0.0,0.0,1.0,0.0,0.0,0.0,0.0017492844490334392
21,21,False,False,0.7285527586936951,1.95388662815094,1.9672789573669434,-0.20748263597488403,-0.4858543276786804,0.0,0.0,0.0,0.0,1.0,0.0,0.0,0.0,0.0012343788985162973
22,22,False,False,0.7285527586936951,1.95388662815094,1.9598339796066284,-0.23875415325164795,-0.48916295170783997,0.0,0.0,0.0,0.0,1.0,0.0,0.0,0.0,0.0006991953123360872
23,23,False,False,0.7285527586936951,1.95388662815094,1.949311375617981,-0.26091909408569336,-0.5033786296844482,0.0,0.0,0.0,0.0,1.0,0.0,0.0,0.0,0.0004038304032292217
24,24,False,False,0.7285527586936951,1.95388662815094,1.9377412796020508,-0.2701435685157776,-0.5250283479690552,0.0,0.0,0.0,0.0,1.0,0.0,0.0,0.0,0.0003789658658206463
25,25,False,False,0.7285527586936951,1.95388662815094,1.9303025007247925,-0.26609131693840027,-0.5404096245765686,0.0,0.0,0.0,0.0,1.0,0.0,0.0,0.0,0.0010148226283490658
26,26,False,False,0.7285527586936951,1.95388662815094,1.9325281381607056,-0.2485906481742859,-0.5346335768699646,0.0,0.0,0.0,0.0,1.0,0.0,0.0,0.0,0.0021926274057477713
27,27,False,False,0.7285527586936951,1.95388662815094,1.9427822828292847,-0.22082078456878662,-0.5089522004127502,0.0,0.0,0.0,0.0,1.0,0.0,0.0,0.0,0.003119276138022542
28,28,False,False,0.7285527586936951,1.95388662815094,1.9566575288772583,-0.17953255772590637,-0.47310763597488403,0.0,0.0,0.0,0.0,1.0,0.0,0.0,0.0,0.003449170384556055
29,29,False,False,0.7285527586936951,1.95388662815094,1.9676952362060547,-0.1325874924659729,-0.44127339124679565,0.0,0.0,0.0,0.0,1.0,0.0,0.0,0.0,0.003214819822460413
30,30,False,False,0.7285527586936951,1.95388662815094,1.9734317064285278,-0.08912823349237442,-0.4202995300292969,0.0,0.0,0.0,0.0,1.0,0.0,0.0,0.0,0.0026991197373718023
31,31,False,False,0.7285527586936951,1.95388662815094,1.97403883934021,-0.05498846247792244,-0.4117453694343567,0.0,0.0,0.0,0.0,1.0,0.0,0.0,0.0,0.0021867144387215376
32,32,False,False,0.7285527586936951,1.95388662815094,1.9709805250167847,-0.03119589202105999,-0.4132973551750183,0.0,0.0,0.0,0.0,1.0,0.0,0.0,0.0,0.0019526176620274782
33,33,False,False,0.7285527586936951,1.95388662815094,1.9693289995193481,-0.018611885607242584,-0.4095304012298584,0.0,0.0,0.0,0.0,1.0,0.0,0.0,0.0,0.0024460931308567524
34,34,False,False,0.7285527586936951,1.95388662815094,1.973617672920227,-0.01685895398259163,-0.38489124178886414,0.0,0.0,0.0,0.0,1.0,0.0,0.0,0.0,0.0035735410638153553
35,35,False,False,0.7285527586936951,1.95388662815094,1.9815807342529297,-0.024891329929232597,-0.34337660670280457,0.0,0.0,0.0,0.0,1.0,0.0,0.0,0.0,0.004430714529007673
36,36,False,False,0.7285527586936951,1.95388662815094,1.988964319229126,-0.0461917370557785,-0.2969433069229126,0.0,0.0,0.0,0.0,1.0,0.0,0.0,0.0,0.00463005481287837
37,37,False,False,0.7285527586936951,1.95388662815094,1.992000699043274,-0.08450410515069962,-0.2592444121837616,0.0,0.0,0.0,0.0,1.0,0.0,0.0,0.0,0.0039051701314747334
38,38,False,False,0.7285527586936951,1.95388662815094,1.9895676374435425,-0.12669724225997925,-0.2383066564798355,0.0,0.0,0.0,0.0,1.0,0.0,0.0,0.0,0.0030719898641109467
39,39,False,False,0.7285527586936951,1.95388662815094,1.9834064245224,-0.15877237915992737,-0.23362137377262115,0.0,0.0,0.0,0.0,1.0,0.0,0.0,0.0,0.0024721547961235046
40,40,False,False,0.7285527586936951,1.95388662815094,1.9753708839416504,-0.17980290949344635,-0.24036099016666412,0.0,0.0,0.0,0.0,1.0,0.0,0.0,0.0,0.0021968211513012648
41,41,False,False,0.7285527586936951,1.95388662815094,1.9687076807022095,-0.19125033915042877,-0.24447141587734222,0.0,0.0,0.0,0.0,1.0,0.0,0.0,0.0,0.0024771399330347776
42,42,False,False,0.7285527586936951,1.95388662815094,1.9663976430892944,-0.1954464167356491,-0.2315080463886261,0.0,0.0,0.0,0.0,1.0,0.0,0.0,0.0,0.003279929980635643
43,43,False,False,0.7285527586936951,1.95388662815094,1.967462420463562,-0.19128550589084625,-0.20432090759277344,0.0,0.0,0.0,0.0,1.0,0.0,0.0,0.0,0.003904044395312667
44,44,False,False,0.7285527586936951,1.95388662815094,1.9700562953948975,-0.1748816967010498,-0.17088401317596436,0.0,0.0,0.0,0.0,1.0,0.0,0.0,0.0,0.004162739962339401
45,45,False,False,0.7285527586936951,1.95388662815094,1.9721708297729492,-0.15022434294223785,-0.1384890079498291,0.0,0.0,0.0,0.0,1.0,0.0,0.0,0.0,0.004116313066333532
46,46,False,False,0.7285527586936951,1.95388662815094,1.9728026390075684,-0.1149122565984726,-0.11374502629041672,0.0,0.0,0.0,0.0,1.0,0.0,0.0,0.0,0.0038970455061644316
47,47,False,False,0.7285527586936951,1.95388662815094,1.97088623046875,-0.08108959347009659,-0.09928452223539352,0.0,0.0,0.0,0.0,1.0,0.0,0.0,0.0,0.0036073613446205854
48,48,False,False,0.7285527586936951,1.95388662815094,1.9669853448867798,-0.05155559629201889,-0.09307383745908737,0.0,0.0,0.0,0.0,1.0,0.0,0.0,0.0,0.003618064569309354
49,49,False,False,0.7285527586936951,1.95388662815094,1.9632322788238525,-0.026617631316184998,-0.08252067863941193,0.0,0.0,0.0,0.0,1.0,0.0,0.0,0.0,0.0041513401083648205
50,50,False,False,0.7285527586936951,1.95388662815094,1.9612901210784912,-0.014060825109481812,-0.05528805032372475,0.0,0.0,0.0,0.0,1.0,0.0,0.0,0.0,0.00507344538345933
51,51,False,False,0.7285527586936951,1.95388662815094,1.9596505165100098,-0.009192409925162792,-0.018581127747893333,0.0,0.0,0.0,0.0,1.0,0.0,0.0,0.0,0.005557466298341751
52,52,False,False,0.7285527586936951,1.95388662815094,1.956551194190979,-0.01748964935541153,0.01663167029619217,0.0,0.0,0.0,0.0,1.0,0.0,0.0,0.0,0.005510934162884951
53,53,False,False,0.7285527586936951,1.95388662815094,1.9513819217681885,-0.04031233862042427,0.0444365032017231,0.0,0.0,0.0,0.0,1.0,0.0,0.0,0.0,0.004922777879983187
54,54,False,False,0.7285527586936951,1.95388662815094,1.944580078125,-0.0672096237540245,0.06635748594999313,0.0,0.0,0.0,0.0,1.0,0.0,0.0,0.0,0.0046129897236824036
55,55,False,False,0.7285527586936951,1.95388662815094,1.9365168809890747,-0.09462602436542511,0.0837939977645874,0.0,0.0,0.0,0.0,1.0,0.0,0.0,0.0,0.00451466953381896
56,56,False,False,0.7285527586936951,1.95388662815094,1.9272429943084717,-0.12382541596889496,0.09811525791883469,0.0,0.0,0.0,0.0,1.0,0.0,0.0,0.0,0.004579964559525251
57,57,False,False,0.7285527586936951,1.95388662815094,1.917372465133667,-0.15381795167922974,0.11972878873348236,0.0,0.0,0.0,0.0,1.0,0.0,0.0,0.0,0.004994785878807306
58,58,False,False,0.7285527586936951,1.95388662815094,1.9077450037002563,-0.17519116401672363,0.15489062666893005,0.0,0.0,0.0,0.0,1.0,0.0,0.0,0.0,0.005747783463448286
59,59,False,False,0.7285527586936951,1.95388662815094,1.8981616497039795,-0.18210232257843018,0.19191554188728333,0.0,0.0,0.0,0.0,1.0,0.0,0.0,0.0,0.00612275768071413
60,60,False,False,0.7285527586936951,1.95388662815094,1.8882989883422852,-0.1776580512523651,0.22319485247135162,0.0,0.0,0.0,0.0,1.0,0.0,0.0,0.0,0.006197795271873474
61,61,False,False,0.7285527586936951,1.95388662815094,1.878066897392273,-0.16535209119319916,0.24765291810035706,0.0,0.0,0.0,0.0,1.0,0.0,0.0,0.0,0.006240839138627052
62,62,False,False,0.7285527586936951,1.95388662815094,1.8676410913467407,-0.14347679913043976,0.2679895758628845,0.0,0.0,0.0,0.0,1.0,0.0,0.0,0.0,0.006484478712081909
63,63,False,False,0.7285527586936951,1.95388662815094,1.8566030263900757,-0.11272935569286346,0.2869117558002472,0.0,0.0,0.0,0.0,1.0,0.0,0.0,0.0,0.0068938247859478
64,64,False,False,0.7285527586936951,1.95388662815094,1.8445645570755005,-0.06667079776525497,0.30635973811149597,0.0,0.0,0.0,0.0,1.0,0.0,0.0,0.0,0.007778370287269354
65,65,False,False,0.7285527586936951,1.95388662815094,1.8297083377838135,-0.006078153382986784,0.33717378973960876,0.0,0.0,0.0,0.0,1.0,0.0,0.0,0.0,0.009120720438659191
66,66,False,False,0.7285527586936951,1.95388662815094,1.8099722862243652,0.05641336739063263,0.38506951928138733,0.0,0.0,0.0,0.0,1.0,0.0,0.0,0.0,0.009675987996160984
67,67,False,False,0.7285527586936951,1.95388662815094,1.785641074180603,0.10938699543476105,0.4379635751247406,0.0,0.0,0.0,0.0,1.0,0.0,0.0,0.0,0.009622250683605671
68,68,False,False,0.7285527586936951,1.95388662815094,1.7586584091186523,0.14815223217010498,0.48595839738845825,0.0,0.0,0.0,0.0,1.0,0.0,0.0,0.0,0.009669102728366852
69,69,False,False,0.7285527586936951,1.95388662815094,1.7302806377410889,0.17478345334529877,0.5274768471717834,0.0,0.0,0.0,0.0,1.0,0.0,0.0,0.0,0.009766274131834507
70,70,False,False,0.7285527586936951,1.95388662815094,1.7012263536453247,0.1869916021823883,0.5650067925453186,0.0,0.0,0.0,0.0,1.0,0.0,0.0,0.0,0.010123682208359241
71,71,False,False,0.7285527586936951,1.95388662815094,1.6712573766708374,0.18484149873256683,0.6015879511833191,0.0,0.0,0.0,0.0,1.0,0.0,0.0,0.0,0.010780435986816883
72,72,False,False,0.7285527586936951,1.95388662815094,1.6396116018295288,0.16855023801326752,0.6394650936126709,0.0,0.0,0.0,0.0,1.0,0.0,0.0,0.0,0.011661117896437645
73,73,False,False,0.7285527586936951,1.95388662815094,1.6028800010681152,0.14307048916816711,0.687407910823822,0.0,0.0,0.0,0.0,1.0,0.0,0.0,0.0,0.012807940132915974
74,74,False,False,0.7285527586936951,1.95388662815094,1.5575647354125977,0.11694417893886566,0.7498047947883606,0.0,0.0,0.0,0.0,1.0,0.0,0.0,0.0,0.013997221365571022
75,75,False,False,0.7285527586936951,1.95388662815094,1.5047950744628906,0.09322706609964371,0.8166590929031372,0.0,0.0,0.0,0.0,1.0,0.0,0.0,0.0,0.014863169752061367
76,76,False,False,0.7285527586936951,1.95388662815094,1.4467849731445312,0.07575593143701553,0.8797078132629395,0.0,0.0,0.0,0.0,1.0,0.0,0.0,0.0,0.015434118919074535
77,77,False,False,0.7285527586936951,1.95388662815094,1.3844618797302246,0.06544536352157593,0.937421977519989,0.0,0.0,0.0,0.0,1.0,0.0,0.0,0.0,0.015965405851602554
78,78,False,False,0.7285527586936951,1.95388662815094,1.3168532848358154,0.07224616408348083,0.9910057187080383,0.0,0.0,0.0,0.0,1.0,0.0,0.0,0.0,0.016586588695645332
79,79,False,False,0.7285527586936951,1.95388662815094,1.2424243688583374,0.09401306509971619,1.0420734882354736,0.0,0.0,0.0,0.0,1.0,0.0,0.0,0.0,0.017378712072968483
80,80,False,False,0.7285527586936951,1.95388662815094,1.1608152389526367,0.1229434460401535,1.0900448560714722,0.0,0.0,0.0,0.0,1.0,0.0,0.0,0.0,0.018162397667765617
81,81,False,False,0.7285527586936951,1.95388662815094,1.0655025243759155,0.1537911295890808,1.1426020860671997,0.0,0.0,0.0,0.0,1.0,0.0,0.0,0.0,0.018990477547049522
82,82,False,False,0.7285527586936951,1.95388662815094,0.9519906640052795,0.1744149625301361,1.203272819519043,0.0,0.0,0.0,0.0,1.0,0.0,0.0,0.0,0.018937017768621445
83,83,False,False,0.7285527586936951,1.95388662815094,0.8255345821380615,0.182829812169075,1.2619569301605225,0.0,0.0,0.0,0.0,1.0,0.0,0.0,0.0,0.018423203378915787
84,0,True,False,1.9653825759887695,0.656438410282135,1.9963481426239014,-0.08053220063447952,-0.44091081619262695,-0.0,0.0,0.0,0.0,1.0,0.0,0.0,1.0,0.01742986962199211
85,1,False,False,2.191067934036255,-0.5784204602241516,2.183879852294922,-0.05844344198703766,-0.4666256308555603,0.0,0.0,0.0,0.0,1.0,0.0,0.0,0.0,0.07856211811304092
86,2,False,False,2.191067934036255,-0.5784204602241516,2.172351837158203,-0.010024512186646461,-0.5016667246818542,0.0,0.0,0.0,0.0,1.0,0.0,0.0,0.0,0.07134158164262772
87,3,False,False,2.191067934036255,-0.5784204602241516,2.159788131713867,0.04254498332738876,-0.5333454012870789,0.0,0.0,0.0,0.0,1.0,0.0,0.0,0.0,0.06172749027609825
88,4,False,False,2.191067934036255,-0.5784204602241516,2.148437261581421,0.06332021951675415,-0.5593985319137573,0.0,0.0,0.0,0.0,1.0,0.0,0.0,0.0,0.05991068482398987
89,5,False,False,2.191067934036255,-0.5784204602241516,2.1368021965026855,0.04401438683271408,-0.5882051587104797,0.0,0.0,0.0,0.0,1.0,0.0,0.0,0.0,0.05364573746919632
90,6,False,False,2.191067934036255,-0.5784204602241516,2.122847557067871,0.025684664025902748,-0.6220816373825073,0.0,0.0,0.0,0.0,1.0,0.0,0.0,0.0,0.044034503400325775
91,7,False,False,2.191067934036255,-0.5784204602241516,2.108450412750244,0.009247020818293095,-0.6565055847167969,0.0,0.0,0.0,0.0,1.0,0.0,0.0,0.0,0.03579069301486015
92,8,False,False,2.191067934036255,-0.5784204602241516,2.095698595046997,-0.005420979578047991,-0.6867708563804626,0.0,0.0,0.0,0.0,1.0,0.0,0.0,0.0,0.031246060505509377
93,9,False,False,2.191067934036255,-0.5784204602241516,2.0908637046813965,-0.015091869048774242,-0.6988930106163025,0.0,0.0,0.0,0.0,1.0,0.0,0.0,0.0,0.026958970353007317
94,10,False,False,2.191067934036255,-0.5784204602241516,2.1011388301849365,-0.00805824063718319,-0.6762999296188354,0.0,0.0,0.0,0.0,1.0,0.0,0.0,0.0,0.025841712951660156
95,11,False,False,2.191067934036255,-0.5784204602241516,2.1208584308624268,-0.005780262406915426,-0.6284491419792175,0.0,0.0,0.0,0.0,1.0,0.0,0.0,0.0,0.02545926533639431
96,12,False,False,2.191067934036255,-0.5784204602241516,2.142106056213379,0.01140342466533184,-0.5714911222457886,0.0,0.0,0.0,0.0,1.0,0.0,0.0,0.0,0.021674513816833496
97,13,False,False,2.191067934036255,-0.5784204602241516,2.1584036350250244,0.0408831425011158,-0.5220494270324707,0.0,0.0,0.0,0.0,1.0,0.0,0.0,0.0,0.016155514866113663
98,14,False,False,2.191067934036255,-0.5784204602241516,2.1659739017486572,0.06167975440621376,-0.49519869685173035,0.0,0.0,0.0,0.0,1.0,0.0,0.0,0.0,0.007754269987344742
99,15,False,False,2.191067934036255,-0.5784204602241516,2.165512800216675,0.07211802899837494,-0.4933147728443146,0.0,0.0,0.0,0.0,1.0,0.0,0.0,0.0,0.0019888693932443857
100,16,False,False,2.191067934036255,-0.5784204602241516,2.158599376678467,0.07319074869155884,-0.5125429034233093,0.0,0.0,0.0,0.0,1.0,0.0,0.0,0.0,-0.0006854534731246531
101,17,False,False,2.191067934036255,-0.5784204602241516,2.1507513523101807,0.06331434845924377,-0.5349845886230469,0.0,0.0,0.0,0.0,1.0,0.0,0.0,0.0,-0.001118853804655373
102,18,False,False,2.191067934036255,-0.5784204602241516,2.1481900215148926,0.04435418173670769,-0.5409636497497559,0.0,0.0,0.0,0.0,1.0,0.0,0.0,0.0,0.0008371155126951635
103,19,False,False,2.191067934036255,-0.5784204602241516,2.1505980491638184,0.01605767384171486,-0.5304645895957947,0.0,0.0,0.0,0.0,1.0,0.0,0.0,0.0,0.002290938049554825
104,20,False,False,2.191067934036255,-0.5784204602241516,2.152924060821533,-0.024184631183743477,-0.516740620136261,0.0,0.0,0.0,0.0,1.0,0.0,0.0,0.0,0.002487771911546588
105,21,False,False,2.191067934036255,-0.5784204602241516,2.151425361633301,-0.06388433277606964,-0.5108283162117004,0.0,0.0,0.0,0.0,1.0,0.0,0.0,0.0,0.0018582366174086928
106,22,False,False,2.191067934036255,-0.5784204602241516,2.145732879638672,-0.09628001600503922,-0.5158536434173584,0.0,0.0,0.0,0.0,1.0,0.0,0.0,0.0,0.0011966933961957693
107,23,False,False,2.191067934036255,-0.5784204602241516,2.1367714405059814,-0.11866413056850433,-0.5308764576911926,0.0,0.0,0.0,0.0,1.0,0.0,0.0,0.0,0.0008363029337488115
108,24,False,False,2.191067934036255,-0.5784204602241516,2.126174211502075,-0.12818577885627747,-0.5523698329925537,0.0,0.0,0.0,0.0,1.0,0.0,0.0,0.0,0.000906705332454294
109,25,False,False,2.191067934036255,-0.5784204602241516,2.119696855545044,-0.12269148975610733,-0.5645617842674255,0.0,0.0,0.0,0.0,1.0,0.0,0.0,0.0,0.0020954592619091272
110,26,False,False,2.191067934036255,-0.5784204602241516,2.1231462955474854,-0.10128838568925858,-0.5507766604423523,0.0,0.0,0.0,0.0,1.0,0.0,0.0,0.0,0.004171572159975767
111,27,False,False,2.191067934036255,-0.5784204602241516,2.1339774131774902,-0.07026124000549316,-0.5141745209693909,0.0,0.0,0.0,0.0,1.0,0.0,0.0,0.0,0.005746431183069944
112,28,False,False,2.191067934036255,-0.5784204602241516,2.1461102962493896,-0.026488613337278366,-0.4690786600112915,0.0,0.0,0.0,0.0,1.0,0.0,0.0,0.0,0.006112183444201946
113,29,False,False,2.191067934036255,-0.5784204602241516,2.1541311740875244,0.023386674001812935,-0.4301890730857849,0.0,0.0,0.0,0.0,1.0,0.0,0.0,0.0,0.005466618109494448
114,30,False,False,2.191067934036255,-0.5784204602241516,2.1568031311035156,0.06652796268463135,-0.40410274267196655,0.0,0.0,0.0,0.0,1.0,0.0,0.0,0.0,0.004483015276491642
115,31,False,False,2.191067934036255,-0.5784204602241516,2.155050754547119,0.09832636266946793,-0.39213666319847107,0.0,0.0,0.0,0.0,1.0,0.0,0.0,0.0,0.0035729005467146635
116,32,False,False,2.191067934036255,-0.5784204602241516,2.150360584259033,0.11938080936670303,-0.39174532890319824,0.0,0.0,0.0,0.0,1.0,0.0,0.0,0.0,0.002969251712784171
117,33,False,False,2.191067934036255,-0.5784204602241516,2.147712230682373,0.1255570352077484,-0.38667210936546326,0.0,0.0,0.0,0.0,1.0,0.0,0.0,0.0,0.003226471832022071
118,34,False,False,2.191067934036255,-0.5784204602241516,2.151384115219116,0.11828813701868057,-0.35991859436035156,0.0,0.0,0.0,0.0,1.0,0.0,0.0,0.0,0.004052434582263231
119,35,False,False,2.191067934036255,-0.5784204602241516,2.1585326194763184,0.11109335720539093,-0.3154311776161194,0.0,0.0,0.0,0.0,1.0,0.0,0.0,0.0,0.004453267436474562
120,36,False,False,2.191067934036255,-0.5784204602241516,2.1658077239990234,0.08475280553102493,-0.26735755801200867,0.0,0.0,0.0,0.0,1.0,0.0,0.0,0.0,0.004173136316239834
121,37,False,False,2.191067934036255,-0.5784204602241516,2.17012619972229,0.046555183827877045,-0.2268388569355011,0.0,0.0,0.0,0.0,1.0,0.0,0.0,0.0,0.0035799783654510975
122,38,False,False,2.191067934036255,-0.5784204602241516,2.1698999404907227,0.005446015857160091,-0.20259669423103333,0.0,0.0,0.0,0.0,1.0,0.0,0.0,0.0,0.0029151185881346464
123,39,False,False,2.191067934036255,-0.5784204602241516,2.1658265590667725,-0.028437655419111252,-0.19472645223140717,0.0,0.0,0.0,0.0,1.0,0.0,0.0,0.0,0.002527626696974039
124,40,False,False,2.191067934036255,-0.5784204602241516,2.159141778945923,-0.053154248744249344,-0.19992727041244507,0.0,0.0,0.0,0.0,1.0,0.0,0.0,0.0,0.0023762003984302282
125,41,False,False,2.191067934036255,-0.5784204602241516,2.1530685424804688,-0.06642231345176697,-0.20253996551036835,0.0,0.0,0.0,0.0,1.0,0.0,0.0,0.0,0.002775914501398802
126,42,False,False,2.191067934036255,-0.5784204602241516,2.1506893634796143,-0.07554492354393005,-0.18491946160793304,0.0,0.0,0.0,0.0,1.0,0.0,0.0,0.0,0.0036647499073296785
127,43,False,False,2.191067934036255,-0.5784204602241516,2.150861978530884,-0.08275553584098816,-0.14951489865779877,0.0,0.0,0.0,0.0,1.0,0.0,0.0,0.0,0.004362781066447496
128,44,False,False,2.191067934036255,-0.5784204602241516,2.1518373489379883,-0.07047243416309357,-0.10641792416572571,0.0,0.0,0.0,0.0,1.0,0.0,0.0,0.0,0.004656089935451746
129,45,False,False,2.191067934036255,-0.5784204602241516,2.151256799697876,-0.039050355553627014,-0.06854139268398285,0.0,0.0,0.0,0.0,1.0,0.0,0.0,0.0,0.004511687438935041
130,46,False,False,2.191067934036255,-0.5784204602241516,2.1487796306610107,-0.005729188211262226,-0.0365912951529026,0.0,0.0,0.0,0.0,1.0,0.0,0.0,0.0,0.00438845157623291
131,47,False,False,2.191067934036255,-0.5784204602241516,2.144118070602417,0.03547781705856323,-0.01603562757372856,0.0,0.0,0.0,0.0,1.0,0.0,0.0,0.0,0.0040827239863574505
132,48,False,False,2.191067934036255,-0.5784204602241516,2.1368985176086426,0.0783793106675148,-0.010722813196480274,0.0,0.0,0.0,0.0,1.0,0.0,0.0,0.0,0.0036793225444853306
133,49,False,False,2.191067934036255,-0.5784204602241516,2.1303224563598633,0.09336601942777634,-0.003532668109983206,0.0,0.0,0.0,0.0,1.0,0.0,0.0,0.0,0.00387909566052258
134,50,False,False,2.191067934036255,-0.5784204602241516,2.125697612762451,0.09379887580871582,0.020177917554974556,0.0,0.0,0.0,0.0,1.0,0.0,0.0,0.0,0.0044324942864477634
135,51,False,False,2.191067934036255,-0.5784204602241516,2.1211588382720947,0.09361963719129562,0.053431857377290726,0.0,0.0,0.0,0.0,1.0,0.0,0.0,0.0,0.004665020387619734
136,52,False,False,2.191067934036255,-0.5784204602241516,2.1159634590148926,0.0823885127902031,0.08609404414892197,0.0,0.0,0.0,0.0,1.0,0.0,0.0,0.0,0.004561785142868757
137,53,False,False,2.191067934036255,-0.5784204602241516,2.1095547676086426,0.06649582833051682,0.11405813694000244,0.0,0.0,0.0,0.0,1.0,0.0,0.0,0.0,0.004451489541679621
138,54,False,False,2.191067934036255,-0.5784204602241516,2.1022117137908936,0.043162472546100616,0.1387156993150711,0.0,0.0,0.0,0.0,1.0,0.0,0.0,0.0,0.004555195104330778
139,55,False,False,2.191067934036255,-0.5784204602241516,2.0938355922698975,0.01337631419301033,0.1608201116323471,0.0,0.0,0.0,0.0,1.0,0.0,0.0,0.0,0.004801546689122915
140,56,False,False,2.191067934036255,-0.5784204602241516,2.0842175483703613,-0.020709453150629997,0.1815461963415146,0.0,0.0,0.0,0.0,1.0,0.0,0.0,0.0,0.0052022128365933895
141,57,False,False,2.191067934036255,-0.5784204602241516,2.0733673572540283,-0.05432598292827606,0.21037504076957703,0.0,0.0,0.0,0.0,1.0,0.0,0.0,0.0,0.005926163867115974
142,58,False,False,2.191067934036255,-0.5784204602241516,2.0611765384674072,-0.08113634586334229,0.2587532103061676,0.0,0.0,0.0,0.0,1.0,0.0,0.0,0.0,0.006920225918292999
143,59,False,False,2.191067934036255,-0.5784204602241516,2.047476291656494,-0.09110133349895477,0.3123286962509155,0.0,0.0,0.0,0.0,1.0,0.0,0.0,0.0,0.007472116034477949
144,60,False,False,2.191067934036255,-0.5784204602241516,2.0325942039489746,-0.08951307088136673,0.35748934745788574,0.0,0.0,0.0,0.0,1.0,0.0,0.0,0.0,0.007588266860693693
145,61,False,False,2.191067934036255,-0.5784204602241516,2.017158031463623,-0.07779226452112198,0.3918338119983673,0.0,0.0,0.0,0.0,1.0,0.0,0.0,0.0,0.0076007903553545475
146,62,False,False,2.191067934036255,-0.5784204602241516,2.0011770725250244,-0.055527351796627045,0.4190548062324524,0.0,0.0,0.0,0.0,1.0,0.0,0.0,0.0,0.007776726968586445
147,63,False,False,2.191067934036255,-0.5784204602241516,1.984000563621521,-0.02200787141919136,0.4438202381134033,0.0,0.0,0.0,0.0,1.0,0.0,0.0,0.0,0.00823704618960619
148,64,False,False,2.191067934036255,-0.5784204602241516,1.9646377563476562,0.024694837629795074,0.4686338007450104,0.0,0.0,0.0,0.0,1.0,0.0,0.0,0.0,0.00885123573243618
149,65,False,False,2.191067934036255,-0.5784204602241516,1.9405460357666016,0.08566496521234512,0.5041025876998901,0.0,0.0,0.0,0.0,1.0,0.0,0.0,0.0,0.00972821842879057
150,66,False,False,2.191067934036255,-0.5784204602241516,1.9087170362472534,0.15868060290813446,0.5570781230926514,0.0,0.0,0.0,0.0,1.0,0.0,0.0,0.0,0.010660996660590172
151,67,False,False,2.191067934036255,-0.5784204602241516,1.8710997104644775,0.2203816920518875,0.6156080365180969,0.0,0.0,0.0,0.0,1.0,0.0,0.0,0.0,0.011102602817118168
152,68,False,False,2.191067934036255,-0.5784204602241516,1.8304355144500732,0.26583635807037354,0.6718903183937073,0.0,0.0,0.0,0.0,1.0,0.0,0.0,0.0,0.011316030286252499
153,69,False,False,2.191067934036255,-0.5784204602241516,1.7886676788330078,0.29354292154312134,0.7240152359008789,0.0,0.0,0.0,0.0,1.0,0.0,0.0,0.0,0.011505826376378536
154,70,False,False,2.191067934036255,-0.5784204602241516,1.7460997104644775,0.30350208282470703,0.7744221687316895,0.0,0.0,0.0,0.0,1.0,0.0,0.0,0.0,0.011925353668630123
155,71,False,False,2.191067934036255,-0.5784204602241516,1.7020138502120972,0.29539063572883606,0.8260958194732666,0.0,0.0,0.0,0.0,1.0,0.0,0.0,0.0,0.0126196863129735
156,72,False,False,2.191067934036255,-0.5784204602241516,1.6553118228912354,0.2685147225856781,0.8805327415466309,0.0,0.0,0.0,0.0,1.0,0.0,0.0,0.0,0.01349382009357214
157,73,False,False,2.191067934036255,-0.5784204602241516,1.5997073650360107,0.23133724927902222,0.9466206431388855,0.0,0.0,0.0,0.0,1.0,0.0,0.0,0.0,0.014652647078037262
158,74,False,False,2.191067934036255,-0.5784204602241516,1.530723214149475,0.18975302577018738,1.0266313552856445,0.0,0.0,0.0,0.0,1.0,0.0,0.0,0.0,0.01571810245513916
159,75,False,False,2.191067934036255,-0.5784204602241516,1.4512107372283936,0.1513754427433014,1.1074637174606323,0.0,0.0,0.0,0.0,1.0,0.0,0.0,0.0,0.016349853947758675
160,76,False,False,2.191067934036255,-0.5784204602241516,1.3649771213531494,0.12058242410421371,1.180970549583435,0.0,0.0,0.0,0.0,1.0,0.0,0.0,0.0,0.016746148467063904
161,77,False,False,2.191067934036255,-0.5784204602241516,1.2746312618255615,0.10314770042896271,1.244081735610962,0.0,0.0,0.0,0.0,1.0,0.0,0.0,0.0,0.01711714081466198
162,78,False,False,2.191067934036255,-0.5784204602241516,1.178674578666687,0.10157948732376099,1.3000808954238892,0.0,0.0,0.0,0.0,1.0,0.0,0.0,0.0,0.017423266544938087
163,79,False,False,2.191067934036255,-0.5784204602241516,1.0748968124389648,0.11530455946922302,1.3509939908981323,0.0,0.0,0.0,0.0,1.0,0.0,0.0,0.0,0.017919616773724556
164,80,False,False,2.191067934036255,-0.5784204602241516,0.961342990398407,0.1439715176820755,1.3967293500900269,0.0,0.0,0.0,0.0,1.0,0.0,0.0,0.0,0.018550530076026917
165,0,True,False,1.0099828243255615,1.9027178287506104,2.07247257232666,-0.17915047705173492,-0.44234180450439453,0.0,-0.0,0.0,0.0,1.0,0.0,0.0,1.0,0.018871191889047623
166,1,False,False,1.31144380569458,1.4983909130096436,1.9059345722198486,-0.13009828329086304,-0.45737224817276,0.0,0.0,0.0,0.0,1.0,0.0,0.0,0.0,0.07656330615282059
167,2,False,False,1.31144380569458,1.4983909130096436,1.896048665046692,-0.09303370118141174,-0.48686683177948,0.0,0.0,0.0,0.0,1.0,0.0,0.0,0.0,0.06545346230268478
168,3,False,False,1.31144380569458,1.4983909130096436,1.8872523307800293,-0.04893603175878525,-0.5087305307388306,0.0,0.0,0.0,0.0,1.0,0.0,0.0,0.0,0.06324927508831024
169,4,False,False,1.31144380569458,1.4983909130096436,1.8792457580566406,-0.028246210888028145,-0.5246691703796387,0.0,0.0,0.0,0.0,1.0,0.0,0.0,0.0,0.05176736041903496
170,5,False,False,1.31144380569458,1.4983909130096436,1.8696342706680298,-0.009355987422168255,-0.5421228408813477,0.0,0.0,0.0,0.0,1.0,0.0,0.0,0.0,0.047998543828725815
171,6,False,False,1.31144380569458,1.4983909130096436,1.8610998392105103,-0.011186332441866398,-0.5570963025093079,0.0,0.0,0.0,0.0,1.0,0.0,0.0,0.0,0.04600531980395317
172,7,False,False,1.31144380569458,1.4983909130096436,1.850293517112732,-0.020920541137456894,-0.5770483613014221,0.0,0.0,0.0,0.0,1.0,0.0,0.0,0.0,0.02660292387008667
173,8,False,False,1.31144380569458,1.4983909130096436,1.840341567993164,-0.03000098094344139,-0.5955084562301636,0.0,0.0,0.0,0.0,1.0,0.0,0.0,0.0,0.02991117537021637
174,9,False,False,1.31144380569458,1.4983909130096436,1.8374377489089966,-0.030211571604013443,-0.5984503030776978,0.0,0.0,0.0,0.0,1.0,0.0,0.0,0.0,0.030543088912963867
175,10,False,False,1.31144380569458,1.4983909130096436,1.8436734676361084,-0.0342971608042717,-0.5800309181213379,0.0,0.0,0.0,0.0,1.0,0.0,0.0,0.0,0.025871044024825096
176,11,False,False,1.31144380569458,1.4983909130096436,1.8579493761062622,-0.012260008603334427,-0.5409498810768127,0.0,0.0,0.0,0.0,1.0,0.0,0.0,0.0,0.02141273207962513
177,12,False,False,1.31144380569458,1.4983909130096436,1.8713988065719604,0.031603023409843445,-0.5004411339759827,0.0,0.0,0.0,0.0,1.0,0.0,0.0,0.0,0.01680215634405613
178,13,False,False,1.31144380569458,1.4983909130096436,1.879293441772461,0.07518880069255829,-0.47013020515441895,0.0,0.0,0.0,0.0,1.0,0.0,0.0,0.0,0.009120968170464039
179,14,False,False,1.31144380569458,1.4983909130096436,1.8766735792160034,0.08369645476341248,-0.4726768136024475,0.0,0.0,0.0,0.0,1.0,0.0,0.0,0.0,0.00236902735196054
180,15,False,False,1.31144380569458,1.4983909130096436,1.8664554357528687,0.0908384919166565,-0.49564090371131897,0.0,0.0,0.0,0.0,1.0,0.0,0.0,0.0,-0.001236746902577579
181,16,False,False,1.31144380569458,1.4983909130096436,1.855825424194336,0.09017498046159744,-0.5210728645324707,0.0,0.0,0.0,0.0,1.0,0.0,0.0,0.0,-0.0011666616192087531
182,17,False,False,1.31144380569458,1.4983909130096436,1.8428117036819458,0.11917759478092194,-0.5476224422454834,0.0,0.0,0.0,0.0,1.0,0.0,0.0,0.0,-0.000667621789034456
183,18,False,False,1.31144380569458,1.4983909130096436,1.840941309928894,0.11705006659030914,-0.550997793674469,0.0,0.0,0.0,0.0,1.0,0.0,0.0,0.0,0.0022855037823319435
184,19,False,False,1.31144380569458,1.4983909130096436,1.8451899290084839,0.07835309952497482,-0.5455220341682434,0.0,0.0,0.0,0.0,1.0,0.0,0.0,0.0,0.003651808947324753
185,20,False,False,1.31144380569458,1.4983909130096436,1.8467799425125122,0.011640365235507488,-0.5445260405540466,0.0,0.0,0.0,0.0,1.0,0.0,0.0,0.0,0.003968344535678625
186,21,False,False,1.31144380569458,1.4983909130096436,1.8505905866622925,-0.009452837519347668,-0.5332868695259094,0.0,0.0,0.0,0.0,1.0,0.0,0.0,0.0,0.006102866493165493
187,22,False,False,1.31144380569458,1.4983909130096436,1.8611934185028076,-0.03117584064602852,-0.5028964877128601,0.0,0.0,0.0,0.0,1.0,0.0,0.0,0.0,0.00954484473913908
188,23,False,False,1.31144380569458,1.4983909130096436,1.8726119995117188,-0.049989670515060425,-0.4681394398212433,0.0,0.0,0.0,0.0,1.0,0.0,0.0,0.0,0.011008327826857567
189,24,False,False,1.31144380569458,1.4983909130096436,1.8788491487503052,-0.079744353890419,-0.44311240315437317,0.0,0.0,0.0,0.0,1.0,0.0,0.0,0.0,0.010576742701232433
190,25,False,False,1.31144380569458,1.4983909130096436,1.8853511810302734,-0.10323254764080048,-0.4148307740688324,0.0,0.0,0.0,0.0,1.0,0.0,0.0,0.0,0.010762332007288933
191,26,False,False,1.31144380569458,1.4983909130096436,1.894727349281311,-0.09290320426225662,-0.38055893778800964,0.0,0.0,0.0,0.0,1.0,0.0,0.0,0.0,0.010717622004449368
192,27,False,False,1.31144380569458,1.4983909130096436,1.8996671438217163,-0.08900683373212814,-0.3576990067958832,0.0,0.0,0.0,0.0,1.0,0.0,0.0,0.0,0.008888507261872292
193,28,False,False,1.31144380569458,1.4983909130096436,1.896716833114624,-0.09774380922317505,-0.3575153648853302,0.0,0.0,0.0,0.0,1.0,0.0,0.0,0.0,0.005619777366518974
194,29,False,False,1.31144380569458,1.4983909130096436,1.8911899328231812,-0.0751568004488945,-0.3697150945663452,0.0,0.0,0.0,0.0,1.0,0.0,0.0,0.0,0.0034994741436094046
195,30,False,False,1.31144380569458,1.4983909130096436,1.8854914903640747,-0.03162965551018715,-0.38264918327331543,0.0,0.0,0.0,0.0,1.0,0.0,0.0,0.0,0.00298669352196157
196,31,False,False,1.31144380569458,1.4983909130096436,1.8790700435638428,0.007424349896609783,-0.3945159614086151,0.0,0.0,0.0,0.0,1.0,0.0,0.0,0.0,0.0029849412385374308
197,32,False,False,1.31144380569458,1.4983909130096436,1.8723883628845215,0.03604869171977043,-0.40523841977119446,0.0,0.0,0.0,0.0,1.0,0.0,0.0,0.0,0.0033041115384548903
198,33,False,False,1.31144380569458,1.4983909130096436,1.869263768196106,0.05245870351791382,-0.4046562612056732,0.0,0.0,0.0,0.0,1.0,0.0,0.0,0.0,0.004899309016764164
199,34,False,False,1.31144380569458,1.4983909130096436,1.873057246208191,0.05792739614844322,-0.3822402060031891,0.0,0.0,0.0,0.0,1.0,0.0,0.0,0.0,0.007209790404886007
200,35,False,False,1.31144380569458,1.4983909130096436,1.8809163570404053,0.05146234482526779,-0.3446192145347595,0.0,0.0,0.0,0.0,1.0,0.0,0.0,0.0,0.00828890036791563
201,36,False,False,1.31144380569458,1.4983909130096436,1.8891692161560059,0.025188975036144257,-0.3018588125705719,0.0,0.0,0.0,0.0,1.0,0.0,0.0,0.0,0.008150933310389519
202,37,False,False,1.31144380569458,1.4983909130096436,1.8942633867263794,-0.005969377234578133,-0.26493510603904724,0.0,0.0,0.0,0.0,1.0,0.0,0.0,0.0,0.007157773710787296
203,38,False,False,1.31144380569458,1.4983909130096436,1.8943002223968506,-0.03682286664843559,-0.24393151700496674,0.0,0.0,0.0,0.0,1.0,0.0,0.0,0.0,0.005777636077255011
204,39,False,False,1.31144380569458,1.4983909130096436,1.8899730443954468,-0.06297725439071655,-0.2396208643913269,0.0,0.0,0.0,0.0,1.0,0.0,0.0,0.0,0.004759594332426786
205,40,False,False,1.31144380569458,1.4983909130096436,1.8829848766326904,-0.08354713022708893,-0.24671617150306702,0.0,0.0,0.0,0.0,1.0,0.0,0.0,0.0,0.004390776623040438
206,41,False,False,1.31144380569458,1.4983909130096436,1.876888394355774,-0.09881450980901718,-0.250606894493103,0.0,0.0,0.0,0.0,1.0,0.0,0.0,0.0,0.005099549423903227
207,42,False,False,1.31144380569458,1.4983909130096436,1.8746973276138306,-0.10576101392507553,-0.23893888294696808,0.0,0.0,0.0,0.0,1.0,0.0,0.0,0.0,0.0063498965464532375
208,43,False,False,1.31144380569458,1.4983909130096436,1.875847578048706,-0.10112255811691284,-0.21302391588687897,0.0,0.0,0.0,0.0,1.0,0.0,0.0,0.0,0.007193638477474451
209,44,False,False,1.31144380569458,1.4983909130096436,1.8777738809585571,-0.08918438851833344,-0.18082624673843384,0.0,0.0,0.0,0.0,1.0,0.0,0.0,0.0,0.00728050759062171
210,45,False,False,1.31144380569458,1.4983909130096436,1.8788645267486572,-0.06831790506839752,-0.14951950311660767,0.0,0.0,0.0,0.0,1.0,0.0,0.0,0.0,0.0068214209750294685
211,46,False,False,1.31144380569458,1.4983909130096436,1.8783994913101196,-0.04279433563351631,-0.12260133028030396,0.0,0.0,0.0,0.0,1.0,0.0,0.0,0.0,0.006344985216856003
212,47,False,False,1.31144380569458,1.4983909130096436,1.8761754035949707,-0.017186960205435753,-0.10199034214019775,0.0,0.0,0.0,0.0,1.0,0.0,0.0,0.0,0.005752684082835913
213,48,False,False,1.31144380569458,1.4983909130096436,1.8724894523620605,0.004107590299099684,-0.08779198676347733,0.0,0.0,0.0,0.0,1.0,0.0,0.0,0.0,0.005218551028519869
214,49,False,False,1.31144380569458,1.4983909130096436,1.8677847385406494,0.028033850714564323,-0.07766272872686386,0.0,0.0,0.0,0.0,1.0,0.0,0.0,0.0,0.004875263664871454
215,50,False,False,1.31144380569458,1.4983909130096436,1.8650195598602295,0.03777909651398659,-0.052885111421346664,0.0,0.0,0.0,0.0,1.0,0.0,0.0,0.0,0.005298964213579893
216,51,False,False,1.31144380569458,1.4983909130096436,1.8628365993499756,0.03587732091546059,-0.01961454004049301,0.0,0.0,0.0,0.0,1.0,0.0,0.0,0.0,0.0052780951373279095
217,52,False,False,1.31144380569458,1.4983909130096436,1.8593686819076538,0.02823798917233944,0.011265208944678307,0.0,0.0,0.0,0.0,1.0,0.0,0.0,0.0,0.004836828447878361
218,53,False,False,1.31144380569458,1.4983909130096436,1.854259729385376,0.01615152880549431,0.035435933619737625,0.0,0.0,0.0,0.0,1.0,0.0,0.0,0.0,0.004416012205183506
219,54,False,False,1.31144380569458,1.4983909130096436,1.8478398323059082,-0.002572203055024147,0.053322430700063705,0.0,0.0,0.0,0.0,1.0,0.0,0.0,0.0,0.004179316107183695
220,55,False,False,1.31144380569458,1.4983909130096436,1.840260624885559,-0.028899796307086945,0.0665612444281578,0.0,0.0,0.0,0.0,1.0,0.0,0.0,0.0,0.004306328948587179
221,56,False,False,1.31144380569458,1.4983909130096436,1.83137047290802,-0.06337901949882507,0.07699268311262131,0.0,0.0,0.0,0.0,1.0,0.0,0.0,0.0,0.004632875323295593
222,57,False,False,1.31144380569458,1.4983909130096436,1.8216925859451294,-0.10205061733722687,0.09515585005283356,0.0,0.0,0.0,0.0,1.0,0.0,0.0,0.0,0.0053220405243337154
223,58,False,False,1.31144380569458,1.4983909130096436,1.8117032051086426,-0.13715016841888428,0.12733981013298035,0.0,0.0,0.0,0.0,1.0,0.0,0.0,0.0,0.006142208818346262
224,59,False,False,1.31144380569458,1.4983909130096436,1.801283836364746,-0.15866810083389282,0.1623205691576004,0.0,0.0,0.0,0.0,1.0,0.0,0.0,0.0,0.00655854819342494
225,60,False,False,1.31144380569458,1.4983909130096436,1.7906163930892944,-0.1653916984796524,0.19185863435268402,0.0,0.0,0.0,0.0,1.0,0.0,0.0,0.0,0.006667813751846552
226,61,False,False,1.31144380569458,1.4983909130096436,1.7798173427581787,-0.16001959145069122,0.21419651806354523,0.0,0.0,0.0,0.0,1.0,0.0,0.0,0.0,0.006690730806440115
227,62,False,False,1.31144380569458,1.4983909130096436,1.7687091827392578,-0.14580632746219635,0.2321883738040924,0.0,0.0,0.0,0.0,1.0,0.0,0.0,0.0,0.006956053432077169
228,63,False,False,1.31144380569458,1.4983909130096436,1.7569621801376343,-0.12407640367746353,0.24936607480049133,0.0,0.0,0.0,0.0,1.0,0.0,0.0,0.0,0.007377361413091421
229,64,False,False,1.31144380569458,1.4983909130096436,1.7440946102142334,-0.09512646496295929,0.2689792811870575,0.0,0.0,0.0,0.0,1.0,0.0,0.0,0.0,0.00795584637671709
230,65,False,False,1.31144380569458,1.4983909130096436,1.7290042638778687,-0.0646442323923111,0.30199065804481506,0.0,0.0,0.0,0.0,1.0,0.0,0.0,0.0,0.00887282844632864
231,66,False,False,1.31144380569458,1.4983909130096436,1.7104606628417969,-0.03652708977460861,0.35276684165000916,0.0,0.0,0.0,0.0,1.0,0.0,0.0,0.0,0.009731002151966095
232,67,False,False,1.31144380569458,1.4983909130096436,1.6880346536636353,-0.018132740631699562,0.40909990668296814,0.0,0.0,0.0,0.0,1.0,0.0,0.0,0.0,0.01003147941082716
233,68,False,False,1.31144380569458,1.4983909130096436,1.6624759435653687,-0.012173851951956749,0.4622359275817871,0.0,0.0,0.0,0.0,1.0,0.0,0.0,0.0,0.010049120523035526
234,69,False,False,1.31144380569458,1.4983909130096436,1.634568691253662,-0.016662953421473503,0.5093408823013306,0.0,0.0,0.0,0.0,1.0,0.0,0.0,0.0,0.01014729868620634
235,70,False,False,1.31144380569458,1.4983909130096436,1.604612946510315,-0.029044929891824722,0.5504233837127686,0.0,0.0,0.0,0.0,1.0,0.0,0.0,0.0,0.010509376414120197
236,71,False,False,1.31144380569458,1.4983909130096436,1.572198748588562,-0.05030643194913864,0.587360143661499,0.0,0.0,0.0,0.0,1.0,0.0,0.0,0.0,0.011193535290658474
237,72,False,False,1.31144380569458,1.4983909130096436,1.536271095275879,-0.08239208161830902,0.6224274635314941,0.0,0.0,0.0,0.0,1.0,0.0,0.0,0.0,0.012173566967248917
238,73,False,False,1.31144380569458,1.4983909130096436,1.4938665628433228,-0.1208764985203743,0.664896547794342,0.0,0.0,0.0,0.0,1.0,0.0,0.0,0.0,0.013479875400662422
239,74,False,False,1.31144380569458,1.4983909130096436,1.4426950216293335,-0.16110582649707794,0.7192295789718628,0.0,0.0,0.0,0.0,1.0,0.0,0.0,0.0,0.014661510474979877
240,75,False,False,1.31144380569458,1.4983909130096436,1.3840099573135376,-0.19768023490905762,0.7783628702163696,0.0,0.0,0.0,0.0,1.0,0.0,0.0,0.0,0.015465890057384968
241,76,False,False,1.31144380569458,1.4983909130096436,1.3220232725143433,-0.22390276193618774,0.8326272368431091,0.0,0.0,0.0,0.0,1.0,0.0,0.0,0.0,0.015966759994626045
242,77,False,False,1.31144380569458,1.4983909130096436,1.2588303089141846,-0.23574946820735931,0.8815486431121826,0.0,0.0,0.0,0.0,1.0,0.0,0.0,0.0,0.01627916842699051
243,78,False,False,1.31144380569458,1.4983909130096436,1.1914408206939697,-0.24281109869480133,0.9287698864936829,0.0,0.0,0.0,0.0,1.0,0.0,0.0,0.0,0.016729727387428284
244,79,False,False,1.31144380569458,1.4983909130096436,1.119325876235962,-0.2346227765083313,0.9776734113693237,0.0,0.0,0.0,0.0,1.0,0.0,0.0,0.0,0.01745716854929924
245,80,False,False,1.31144380569458,1.4983909130096436,1.0396389961242676,-0.2186761200428009,1.028169870376587,0.0,0.0,0.0,0.0,1.0,0.0,0.0,0.0,0.018089350312948227
246,81,False,False,1.31144380569458,1.4983909130096436,0.9486924409866333,-0.1952355057001114,1.0825166702270508,0.0,0.0,0.0,0.0,1.0,0.0,0.0,0.0,0.018635733053088188
247,0,True,False,0.48776400089263916,-1.9810051918029785,1.963959813117981,-0.09179576486349106,-0.4401586353778839,-0.0,0.0,0.0,0.0,1.0,0.0,0.0,1.0,0.018628468737006187
248,1,False,False,2.029027223587036,-0.6003898978233337,2.028826951980591,-0.15904775261878967,-0.4612022042274475,0.0,0.0,0.0,0.0,1.0,0.0,0.0,0.0,0.07884784787893295
249,2,False,False,2.029027223587036,-0.6003898978233337,2.02034854888916,-0.11379897594451904,-0.4911881387233734,0.0,0.0,0.0,0.0,1.0,0.0,0.0,0.0,0.07167571038007736
250,3,False,False,2.029027223587036,-0.6003898978233337,2.01134991645813,-0.06690853834152222,-0.5177527070045471,0.0,0.0,0.0,0.0,1.0,0.0,0.0,0.0,0.06149126961827278
251,4,False,False,2.029027223587036,-0.6003898978233337,2.000779867172241,-0.061813123524188995,-0.5421621203422546,0.0,0.0,0.0,0.0,1.0,0.0,0.0,0.0,0.059831202030181885
252,5,False,False,2.029027223587036,-0.6003898978233337,1.9882102012634277,-0.08174179494380951,-0.5686522126197815,0.0,0.0,0.0,0.0,1.0,0.0,0.0,0.0,0.04989715293049812
253,6,False,False,2.029027223587036,-0.6003898978233337,1.9739030599594116,-0.0973714143037796,-0.5993119478225708,0.0,0.0,0.0,0.0,1.0,0.0,0.0,0.0,0.04349895939230919
254,7,False,False,2.029027223587036,-0.6003898978233337,1.9588879346847534,-0.11376392096281052,-0.6312550902366638,0.0,0.0,0.0,0.0,1.0,0.0,0.0,0.0,0.03693639487028122
255,8,False,False,2.029027223587036,-0.6003898978233337,1.9446035623550415,-0.13205111026763916,-0.6610662937164307,0.0,0.0,0.0,0.0,1.0,0.0,0.0,0.0,0.031238852068781853
256,9,False,False,2.029027223587036,-0.6003898978233337,1.9385477304458618,-0.14302659034729004,-0.6738494038581848,0.0,0.0,0.0,0.0,1.0,0.0,0.0,0.0,0.026341820135712624
257,10,False,False,2.029027223587036,-0.6003898978233337,1.947711706161499,-0.13732539117336273,-0.6556069850921631,0.0,0.0,0.0,0.0,1.0,0.0,0.0,0.0,0.02541755698621273
258,11,False,False,2.029027223587036,-0.6003898978233337,1.966134786605835,-0.12221838533878326,-0.6156337857246399,0.0,0.0,0.0,0.0,1.0,0.0,0.0,0.0,0.02285258285701275
259,12,False,False,2.029027223587036,-0.6003898978233337,1.986810326576233,-0.10164676606655121,-0.5667320489883423,0.0,0.0,0.0,0.0,1.0,0.0,0.0,0.0,0.018780123442411423
260,13,False,False,2.029027223587036,-0.6003898978233337,2.0037500858306885,-0.07004117220640182,-0.5239636898040771,0.0,0.0,0.0,0.0,1.0,0.0,0.0,0.0,0.011428805068135262
261,14,False,False,2.029027223587036,-0.6003898978233337,2.0119760036468506,-0.045234113931655884,-0.5012742280960083,0.0,0.0,0.0,0.0,1.0,0.0,0.0,0.0,0.005035259295254946
262,15,False,False,2.029027223587036,-0.6003898978233337,2.0117082595825195,-0.0319635272026062,-0.5013366937637329,0.0,0.0,0.0,0.0,1.0,0.0,0.0,0.0,0.0009719670633785427
263,16,False,False,2.029027223587036,-0.6003898978233337,2.004626750946045,-0.031075865030288696,-0.5203378796577454,0.0,0.0,0.0,0.0,1.0,0.0,0.0,0.0,-0.0005596131668426096
264,17,False,False,2.029027223587036,-0.6003898978233337,1.996268630027771,-0.0420871265232563,-0.5415601134300232,0.0,0.0,0.0,0.0,1.0,0.0,0.0,0.0,-0.0004833688435610384
265,18,False,False,2.029027223587036,-0.6003898978233337,1.9935513734817505,-0.060498323291540146,-0.5453149080276489,0.0,0.0,0.0,0.0,1.0,0.0,0.0,0.0,0.0010292090009897947
266,19,False,False,2.029027223587036,-0.6003898978233337,1.995991826057434,-0.08674100041389465,-0.531828761100769,0.0,0.0,0.0,0.0,1.0,0.0,0.0,0.0,0.002119689714163542
267,20,False,False,2.029027223587036,-0.6003898978233337,1.9981589317321777,-0.12447214126586914,-0.514009416103363,0.0,0.0,0.0,0.0,1.0,0.0,0.0,0.0,0.0023168150801211596
268,21,False,False,2.029027223587036,-0.6003898978233337,1.996356725692749,-0.16613247990608215,-0.502798318862915,0.0,0.0,0.0,0.0,1.0,0.0,0.0,0.0,0.0018333246698603034
269,22,False,False,2.029027223587036,-0.6003898978233337,1.9896841049194336,-0.20274513959884644,-0.5040093660354614,0.0,0.0,0.0,0.0,1.0,0.0,0.0,0.0,0.0010717277182266116
270,23,False,False,2.029027223587036,-0.6003898978233337,1.9796867370605469,-0.23099738359451294,-0.515799880027771,0.0,0.0,0.0,0.0,1.0,0.0,0.0,0.0,0.0005584620521403849
271,24,False,False,2.029027223587036,-0.6003898978233337,1.9684240818023682,-0.24641090631484985,-0.5349198579788208,0.0,0.0,0.0,0.0,1.0,0.0,0.0,0.0,0.0003666557895485312
272,25,False,False,2.029027223587036,-0.6003898978233337,1.9615833759307861,-0.24552208185195923,-0.5476248264312744,0.0,0.0,0.0,0.0,1.0,0.0,0.0,0.0,0.0009376951493322849
273,26,False,False,2.029027223587036,-0.6003898978233337,1.9645971059799194,-0.2308654636144638,-0.5382643342018127,0.0,0.0,0.0,0.0,1.0,0.0,0.0,0.0,0.002082779537886381
274,27,False,False,2.029027223587036,-0.6003898978233337,1.9751337766647339,-0.20498980581760406,-0.5098170638084412,0.0,0.0,0.0,0.0,1.0,0.0,0.0,0.0,0.0028137199115008116
275,28,False,False,2.029027223587036,-0.6003898978233337,1.9887995719909668,-0.16101869940757751,-0.47287869453430176,0.0,0.0,0.0,0.0,1.0,0.0,0.0,0.0,0.0029167423490434885
276,29,False,False,2.029027223587036,-0.6003898978233337,1.9993410110473633,-0.10964365303516388,-0.44044843316078186,0.0,0.0,0.0,0.0,1.0,0.0,0.0,0.0,0.0026319364551454782
277,30,False,False,2.029027223587036,-0.6003898978233337,2.0038490295410156,-0.06334910541772842,-0.420678973197937,0.0,0.0,0.0,0.0,1.0,0.0,0.0,0.0,0.0021791437175124884
278,31,False,False,2.029027223587036,-0.6003898978233337,2.002800226211548,-0.02726641856133938,-0.41497108340263367,0.0,0.0,0.0,0.0,1.0,0.0,0.0,0.0,0.0018206654349341989
279,32,False,False,2.029027223587036,-0.6003898978233337,1.9978669881820679,-0.004643337335437536,-0.420367032289505,0.0,0.0,0.0,0.0,1.0,0.0,0.0,0.0,0.001692078891210258
280,33,False,False,2.029027223587036,-0.6003898978233337,1.9941562414169312,0.003214895958080888,-0.4214182496070862,0.0,0.0,0.0,0.0,1.0,0.0,0.0,0.0,0.0021752514876425266
281,34,False,False,2.029027223587036,-0.6003898978233337,1.9966706037521362,-0.002849542535841465,-0.4013642966747284,0.0,0.0,0.0,0.0,1.0,0.0,0.0,0.0,0.0033591219689697027
282,35,False,False,2.029027223587036,-0.6003898978233337,2.004077672958374,-0.017048049718141556,-0.3613399565219879,0.0,0.0,0.0,0.0,1.0,0.0,0.0,0.0,0.0045107221230864525
283,36,False,False,2.029027223587036,-0.6003898978233337,2.011845827102661,-0.050330743193626404,-0.31287020444869995,0.0,0.0,0.0,0.0,1.0,0.0,0.0,0.0,0.0051475283689796925
284,37,False,False,2.029027223587036,-0.6003898978233337,2.0155062675476074,-0.09454285353422165,-0.2707954943180084,0.0,0.0,0.0,0.0,1.0,0.0,0.0,0.0,0.005088055040687323
285,38,False,False,2.029027223587036,-0.6003898978233337,2.013578176498413,-0.13902035355567932,-0.24499103426933289,0.0,0.0,0.0,0.0,1.0,0.0,0.0,0.0,0.004564873408526182
286,39,False,False,2.029027223587036,-0.6003898978233337,2.0067129135131836,-0.1816936880350113,-0.23694919049739838,0.0,0.0,0.0,0.0,1.0,0.0,0.0,0.0,0.003961547277867794
287,40,False,False,2.029027223587036,-0.6003898978233337,1.996608018875122,-0.21822589635849,-0.24294458329677582,0.0,0.0,0.0,0.0,1.0,0.0,0.0,0.0,0.003616002621129155
288,41,False,False,2.029027223587036,-0.6003898978233337,1.9881832599639893,-0.2413371503353119,-0.2458917498588562,0.0,0.0,0.0,0.0,1.0,0.0,0.0,0.0,0.004276039078831673
289,42,False,False,2.029027223587036,-0.6003898978233337,1.985254168510437,-0.2541079819202423,-0.22803296148777008,0.0,0.0,0.0,0.0,1.0,0.0,0.0,0.0,0.005804441869258881
290,43,False,False,2.029027223587036,-0.6003898978233337,1.9863002300262451,-0.25913527607917786,-0.1920260637998581,0.0,0.0,0.0,0.0,1.0,0.0,0.0,0.0,0.006971125490963459
291,44,False,False,2.029027223587036,-0.6003898978233337,1.989897608757019,-0.24345727264881134,-0.1496119648218155,0.0,0.0,0.0,0.0,1.0,0.0,0.0,0.0,0.007318825926631689
292,45,False,False,2.029027223587036,-0.6003898978233337,1.9924372434616089,-0.2190905660390854,-0.11089502274990082,0.0,0.0,0.0,0.0,1.0,0.0,0.0,0.0,0.007162030320614576
293,46,False,False,2.029027223587036,-0.6003898978233337,1.9923877716064453,-0.1978428214788437,-0.07996340095996857,0.0,0.0,0.0,0.0,1.0,0.0,0.0,0.0,0.0070418789982795715
294,47,False,False,2.029027223587036,-0.6003898978233337,1.990556001663208,-0.173711895942688,-0.05950623378157616,0.0,0.0,0.0,0.0,1.0,0.0,0.0,0.0,0.007031384389847517
295,48,False,False,2.029027223587036,-0.6003898978233337,1.987441897392273,-0.13779479265213013,-0.05170994624495506,0.0,0.0,0.0,0.0,1.0,0.0,0.0,0.0,0.007124680560082197
296,49,False,False,2.029027223587036,-0.6003898978233337,1.9833574295043945,-0.10796879976987839,-0.04335060343146324,0.0,0.0,0.0,0.0,1.0,0.0,0.0,0.0,0.008213263005018234
297,50,False,False,2.029027223587036,-0.6003898978233337,1.9799714088439941,-0.09277929365634918,-0.01895739883184433,0.0,0.0,0.0,0.0,1.0,0.0,0.0,0.0,0.01040453277528286
298,51,False,False,2.029027223587036,-0.6003898978233337,1.9765386581420898,-0.09047509729862213,0.017630916088819504,0.0,0.0,0.0,0.0,1.0,0.0,0.0,0.0,0.012378058396279812
299,52,False,False,2.029027223587036,-0.6003898978233337,1.9716230630874634,-0.0978667140007019,0.055964965373277664,0.0,0.0,0.0,0.0,1.0,0.0,0.0,0.0,0.01358197070658207
300,53,False,False,2.029027223587036,-0.6003898978233337,1.9647598266601562,-0.11238889396190643,0.09009061008691788,0.0,0.0,0.0,0.0,1.0,0.0,0.0,0.0,0.014328153803944588
301,54,False,False,2.029027223587036,-0.6003898978233337,1.9559723138809204,-0.1332579255104065,0.11777696013450623,0.0,0.0,0.0,0.0,1.0,0.0,0.0,0.0,0.01509624719619751
302,55,False,False,2.029027223587036,-0.6003898978233337,1.9452208280563354,-0.1625979095697403,0.13993896543979645,0.0,0.0,0.0,0.0,1.0,0.0,0.0,0.0,0.016092101112008095
303,56,False,False,2.029027223587036,-0.6003898978233337,1.9322259426116943,-0.20129984617233276,0.15801259875297546,0.0,0.0,0.0,0.0,1.0,0.0,0.0,0.0,0.017410440370440483
304,57,False,False,2.029027223587036,-0.6003898978233337,1.918020486831665,-0.23939232528209686,0.183715358376503,0.0,0.0,0.0,0.0,1.0,0.0,0.0,0.0,0.01987961120903492
305,58,False,False,2.029027223587036,-0.6003898978233337,1.9031031131744385,-0.27180060744285583,0.22371216118335724,0.0,0.0,0.0,0.0,1.0,0.0,0.0,0.0,0.022699745371937752
306,59,False,False,2.029027223587036,-0.6003898978233337,1.8868111371994019,-0.2995729148387909,0.2660590410232544,0.0,0.0,0.0,0.0,1.0,0.0,0.0,0.0,0.02386157028377056
307,60,False,False,2.029027223587036,-0.6003898978233337,1.8701564073562622,-0.31857210397720337,0.29987841844558716,0.0,0.0,0.0,0.0,1.0,0.0,0.0,0.0,0.023734332993626595
308,61,False,False,2.029027223587036,-0.6003898978233337,1.8539594411849976,-0.3280637562274933,0.32448941469192505,0.0,0.0,0.0,0.0,1.0,0.0,0.0,0.0,0.023995429277420044
309,62,False,False,2.029027223587036,-0.6003898978233337,1.838896632194519,-0.3254154920578003,0.34496617317199707,0.0,0.0,0.0,0.0,1.0,0.0,0.0,0.0,0.025838851928710938
310,63,False,False,2.029027223587036,-0.6003898978233337,1.825231909751892,-0.30758175253868103,0.36538800597190857,0.0,0.0,0.0,0.0,1.0,0.0,0.0,0.0,0.026837138459086418
311,64,False,False,2.029027223587036,-0.6003898978233337,1.8119860887527466,-0.27595385909080505,0.38816383481025696,0.0,0.0,0.0,0.0,1.0,0.0,0.0,0.0,0.028273601084947586
312,65,False,False,2.029027223587036,-0.6003898978233337,1.7962671518325806,-0.23803189396858215,0.423696368932724,0.0,0.0,0.0,0.0,1.0,0.0,0.0,0.0,0.03069259040057659
313,66,False,False,2.029027223587036,-0.6003898978233337,1.7756638526916504,-0.1986517757177353,0.477317214012146,0.0,0.0,0.0,0.0,1.0,0.0,0.0,0.0,0.03343966603279114
314,67,False,False,2.029027223587036,-0.6003898978233337,1.7493414878845215,-0.1654384285211563,0.5382394194602966,0.0,0.0,0.0,0.0,1.0,0.0,0.0,0.0,0.035447921603918076
315,68,False,False,2.029027223587036,-0.6003898978233337,1.7185543775558472,-0.14018957316875458,0.5960925221443176,0.0,0.0,0.0,0.0,1.0,0.0,0.0,0.0,0.03832805156707764
316,69,False,False,2.029027223587036,-0.6003898978233337,1.6843032836914062,-0.12415299564599991,0.6479442119598389,0.0,0.0,0.0,0.0,1.0,0.0,0.0,0.0,0.04073472321033478
317,70,False,False,2.029027223587036,-0.6003898978233337,1.6463068723678589,-0.12126162648200989,0.6958690285682678,0.0,0.0,0.0,0.0,1.0,0.0,0.0,0.0,0.04431828483939171
318,71,False,False,2.029027223587036,-0.6003898978233337,1.6036707162857056,-0.13496698439121246,0.7420008182525635,0.0,0.0,0.0,0.0,1.0,0.0,0.0,0.0,0.04812929034233093
319,72,False,False,2.029027223587036,-0.6003898978233337,1.5550740957260132,-0.1659919172525406,0.7877131700515747,0.0,0.0,0.0,0.0,1.0,0.0,0.0,0.0,0.04877757281064987
320,73,False,False,2.029027223587036,-0.6003898978233337,1.4964779615402222,-0.20925647020339966,0.841524600982666,0.0,0.0,0.0,0.0,1.0,0.0,0.0,0.0,0.04978953301906586
321,74,False,False,2.029027223587036,-0.6003898978233337,1.4257745742797852,-0.2547993063926697,0.9060774445533752,0.0,0.0,0.0,0.0,1.0,0.0,0.0,0.0,0.04996386915445328
322,75,False,False,2.029027223587036,-0.6003898978233337,1.347607970237732,-0.29173219203948975,0.9710094928741455,0.0,0.0,0.0,0.0,1.0,0.0,0.0,0.0,0.048752788454294205
323,76,False,False,2.029027223587036,-0.6003898978233337,1.2667710781097412,-0.3140392005443573,1.0302678346633911,0.0,0.0,0.0,0.0,1.0,0.0,0.0,0.0,0.04784112796187401
324,77,False,False,2.029027223587036,-0.6003898978233337,1.1843814849853516,-0.3212251663208008,1.0842281579971313,0.0,0.0,0.0,0.0,1.0,0.0,0.0,0.0,0.04815512150526047
325,78,False,False,2.029027223587036,-0.6003898978233337,1.0992869138717651,-0.31354525685310364,1.135359287261963,0.0,0.0,0.0,0.0,1.0,0.0,0.0,0.0,0.049792561680078506
326,79,False,False,2.029027223587036,-0.6003898978233337,1.0091300010681152,-0.28871485590934753,1.1864663362503052,0.0,0.0,0.0,0.0,1.0,0.0,0.0,0.0,0.052348244935274124
327,80,False,False,2.029027223587036,-0.6003898978233337,0.9117526412010193,-0.25003543496131897,1.2364546060562134,0.0,0.0,0.0,0.0,1.0,0.0,0.0,0.0,0.05456310138106346
328,0,True,False,2.124973773956299,0.44396474957466125,2.083808183670044,0.23764273524284363,-0.44176071882247925,-0.0,0.0,0.0,0.0,1.0,0.0,0.0,1.0,0.056772369891405106
329,1,False,False,0.5362905263900757,-2.0848634243011475,2.0573220252990723,0.24516965448856354,-0.462412565946579,0.0,0.0,0.0,0.0,1.0,0.0,0.0,0.0,0.07858206331729889
330,2,False,False,0.5362905263900757,-2.0848634243011475,2.037074089050293,0.2927395701408386,-0.5002205967903137,0.0,0.0,0.0,0.0,1.0,0.0,0.0,0.0,0.06964925676584244
331,3,False,False,0.5362905263900757,-2.0848634243011475,2.0128848552703857,0.35486772656440735,-0.5353541374206543,0.0,0.0,0.0,0.0,1.0,0.0,0.0,0.0,0.06486327946186066
332,4,False,False,0.5362905263900757,-2.0848634243011475,1.996766448020935,0.37926483154296875,-0.5621253252029419,0.0,0.0,0.0,0.0,1.0,0.0,0.0,0.0,0.057575613260269165
333,5,False,False,0.5362905263900757,-2.0848634243011475,1.9876172542572021,0.3649930953979492,-0.5887218117713928,0.0,0.0,0.0,0.0,1.0,0.0,0.0,0.0,0.050632912665605545
334,6,False,False,0.5362905263900757,-2.0848634243011475,1.9780442714691162,0.344105064868927,-0.6185916662216187,0.0,0.0,0.0,0.0,1.0,0.0,0.0,0.0,0.04397537186741829
335,7,False,False,0.5362905263900757,-2.0848634243011475,1.9674805402755737,0.33163830637931824,-0.6470974087715149,0.0,0.0,0.0,0.0,1.0,0.0,0.0,0.0,0.03540458157658577
336,8,False,False,0.5362905263900757,-2.0848634243011475,1.9591023921966553,0.32190555334091187,-0.6700391173362732,0.0,0.0,0.0,0.0,1.0,0.0,0.0,0.0,0.02962854877114296
337,9,False,False,0.5362905263900757,-2.0848634243011475,1.9591379165649414,0.3155514895915985,-0.6736112236976624,0.0,0.0,0.0,0.0,1.0,0.0,0.0,0.0,0.026501495391130447
338,10,False,False,0.5362905263900757,-2.0848634243011475,1.9736580848693848,0.3181823194026947,-0.6412947773933411,0.0,0.0,0.0,0.0,1.0,0.0,0.0,0.0,0.024606293067336082
339,11,False,False,0.5362905263900757,-2.0848634243011475,1.995164394378662,0.3314576745033264,-0.5846663117408752,0.0,0.0,0.0,0.0,1.0,0.0,0.0,0.0,0.025055980309844017
340,12,False,False,0.5362905263900757,-2.0848634243011475,2.0142507553100586,0.3584705591201782,-0.5211045742034912,0.0,0.0,0.0,0.0,1.0,0.0,0.0,0.0,0.019307980313897133
341,13,False,False,0.5362905263900757,-2.0848634243011475,2.0257678031921387,0.38726893067359924,-0.4704379439353943,0.0,0.0,0.0,0.0,1.0,0.0,0.0,0.0,0.012448618188500404
342,14,False,False,0.5362905263900757,-2.0848634243011475,2.029280185699463,0.40588435530662537,-0.44570621848106384,0.0,0.0,0.0,0.0,1.0,0.0,0.0,0.0,0.005062018986791372
343,15,False,False,0.5362905263900757,-2.0848634243011475,2.025465965270996,0.41340941190719604,-0.45012322068214417,0.0,0.0,0.0,0.0,1.0,0.0,0.0,0.0,0.0007880706689320505
344,16,False,False,0.5362905263900757,-2.0848634243011475,2.015446662902832,0.41086435317993164,-0.47986936569213867,0.0,0.0,0.0,0.0,1.0,0.0,0.0,0.0,-0.001851071952842176
345,17,False,False,0.5362905263900757,-2.0848634243011475,2.0045034885406494,0.39900264143943787,-0.5161011815071106,0.0,0.0,0.0,0.0,1.0,0.0,0.0,0.0,-0.002413317793980241
346,18,False,False,0.5362905263900757,-2.0848634243011475,2.000037908554077,0.37705758213996887,-0.5369471907615662,0.0,0.0,0.0,0.0,1.0,0.0,0.0,0.0,7.413997082039714e-05
347,19,False,False,0.5362905263900757,-2.0848634243011475,2.002833127975464,0.34480226039886475,-0.5402699708938599,0.0,0.0,0.0,0.0,1.0,0.0,0.0,0.0,0.001194196636788547
348,20,False,False,0.5362905263900757,-2.0848634243011475,2.0089974403381348,0.3048107922077179,-0.5345315933227539,0.0,0.0,0.0,0.0,1.0,0.0,0.0,0.0,0.0016828462248668075
349,21,False,False,0.5362905263900757,-2.0848634243011475,2.0140035152435303,0.2646583616733551,-0.5286133885383606,0.0,0.0,0.0,0.0,1.0,0.0,0.0,0.0,0.0016056433087214828
350,22,False,False,0.5362905263900757,-2.0848634243011475,2.0159053802490234,0.2290121614933014,-0.5272790193557739,0.0,0.0,0.0,0.0,1.0,0.0,0.0,0.0,0.001306363265030086
351,23,False,False,0.5362905263900757,-2.0848634243011475,2.0145106315612793,0.20172008872032166,-0.5313948392868042,0.0,0.0,0.0,0.0,1.0,0.0,0.0,0.0,0.0010781342862173915
352,24,False,False,0.5362905263900757,-2.0848634243011475,2.010338068008423,0.18739479780197144,-0.5395742654800415,0.0,0.0,0.0,0.0,1.0,0.0,0.0,0.0,0.0010521005606278777
353,25,False,False,0.5362905263900757,-2.0848634243011475,2.0082690715789795,0.18912063539028168,-0.5382183790206909,0.0,0.0,0.0,0.0,1.0,0.0,0.0,0.0,0.0017193452222272754
354,26,False,False,0.5362905263900757,-2.0848634243011475,2.014364004135132,0.19970692694187164,-0.5112613439559937,0.0,0.0,0.0,0.0,1.0,0.0,0.0,0.0,0.0029205058235675097
355,27,False,False,0.5362905263900757,-2.0848634243011475,2.0252413749694824,0.22346313297748566,-0.46310070157051086,0.0,0.0,0.0,0.0,1.0,0.0,0.0,0.0,0.0036184971686452627
356,28,False,False,0.5362905263900757,-2.0848634243011475,2.0316429138183594,0.2708101272583008,-0.41322556138038635,0.0,0.0,0.0,0.0,1.0,0.0,0.0,0.0,0.003375785192474723
357,29,False,False,0.5362905263900757,-2.0848634243011475,2.0316290855407715,0.31996381282806396,-0.3755863904953003,0.0,0.0,0.0,0.0,1.0,0.0,0.0,0.0,0.002825112547725439
358,30,False,False,0.5362905263900757,-2.0848634243011475,2.0257084369659424,0.36115458607673645,-0.35765665769577026,0.0,0.0,0.0,0.0,1.0,0.0,0.0,0.0,0.002160395262762904
359,31,False,False,0.5362905263900757,-2.0848634243011475,2.0154685974121094,0.39251577854156494,-0.3591775596141815,0.0,0.0,0.0,0.0,1.0,0.0,0.0,0.0,0.0016414581332355738
360,32,False,False,0.5362905263900757,-2.0848634243011475,2.0032267570495605,0.4105340838432312,-0.3761585056781769,0.0,0.0,0.0,0.0,1.0,0.0,0.0,0.0,0.0013672845670953393
361,33,False,False,0.5362905263900757,-2.0848634243011475,1.9943772554397583,0.41237500309944153,-0.3921232223510742,0.0,0.0,0.0,0.0,1.0,0.0,0.0,0.0,0.001725334906950593
362,34,False,False,0.5362905263900757,-2.0848634243011475,1.9938035011291504,0.40098294615745544,-0.388282835483551,0.0,0.0,0.0,0.0,1.0,0.0,0.0,0.0,0.002701818710193038
363,35,False,False,0.5362905263900757,-2.0848634243011475,2.000328540802002,0.3841187357902527,-0.36163339018821716,0.0,0.0,0.0,0.0,1.0,0.0,0.0,0.0,0.0036891873460263014
364,36,False,False,0.5362905263900757,-2.0848634243011475,2.011941432952881,0.35033872723579407,-0.32357513904571533,0.0,0.0,0.0,0.0,1.0,0.0,0.0,0.0,0.004128063563257456
365,37,False,False,0.5362905263900757,-2.0848634243011475,2.0226986408233643,0.30729690194129944,-0.28795257210731506,0.0,0.0,0.0,0.0,1.0,0.0,0.0,0.0,0.0040054889395833015
366,38,False,False,0.5362905263900757,-2.0848634243011475,2.029670000076294,0.2646293044090271,-0.26118004322052,0.0,0.0,0.0,0.0,1.0,0.0,0.0,0.0,0.003674921812489629
367,39,False,False,0.5362905263900757,-2.0848634243011475,2.03212571144104,0.23013964295387268,-0.24521900713443756,0.0,0.0,0.0,0.0,1.0,0.0,0.0,0.0,0.003309650346636772
368,40,False,False,0.5362905263900757,-2.0848634243011475,2.030904531478882,0.20766466856002808,-0.23789790272712708,0.0,0.0,0.0,0.0,1.0,0.0,0.0,0.0,0.0031059179455041885
369,41,False,False,0.5362905263900757,-2.0848634243011475,2.029639959335327,0.19786110520362854,-0.2240694910287857,0.0,0.0,0.0,0.0,1.0,0.0,0.0,0.0,0.0034805757459253073
370,42,False,False,0.5362905263900757,-2.0848634243011475,2.0323996543884277,0.18707789480686188,-0.18914252519607544,0.0,0.0,0.0,0.0,1.0,0.0,0.0,0.0,0.004213050473481417
371,43,False,False,0.5362905263900757,-2.0848634243011475,2.037372350692749,0.1646229475736618,-0.14126655459403992,0.0,0.0,0.0,0.0,1.0,0.0,0.0,0.0,0.004484659526497126
372,44,False,False,0.5362905263900757,-2.0848634243011475,2.039902687072754,0.14996986091136932,-0.09381803870201111,0.0,0.0,0.0,0.0,1.0,0.0,0.0,0.0,0.004270616453140974
373,45,False,False,0.5362905263900757,-2.0848634243011475,2.0381240844726562,0.15740014612674713,-0.05621853470802307,0.0,0.0,0.0,0.0,1.0,0.0,0.0,0.0,0.003848633263260126
374,46,False,False,0.5362905263900757,-2.0848634243011475,2.032165288925171,0.18255451321601868,-0.03447982296347618,0.0,0.0,0.0,0.0,1.0,0.0,0.0,0.0,0.003430131822824478
375,47,False,False,0.5362905263900757,-2.0848634243011475,2.0236451625823975,0.21217308938503265,-0.026399338617920876,0.0,0.0,0.0,0.0,1.0,0.0,0.0,0.0,0.003198741003870964
376,48,False,False,0.5362905263900757,-2.0848634243011475,2.0138041973114014,0.23856425285339355,-0.028569495305418968,0.0,0.0,0.0,0.0,1.0,0.0,0.0,0.0,0.0031758665572851896
377,49,False,False,0.5362905263900757,-2.0848634243011475,2.004500389099121,0.2587970495223999,-0.029111864045262337,0.0,0.0,0.0,0.0,1.0,0.0,0.0,0.0,0.0035731836687773466
378,50,False,False,0.5362905263900757,-2.0848634243011475,1.9981812238693237,0.26616203784942627,-0.015194622799754143,0.0,0.0,0.0,0.0,1.0,0.0,0.0,0.0,0.00430652080103755
379,51,False,False,0.5362905263900757,-2.0848634243011475,1.9942946434020996,0.2598648965358734,0.00985022634267807,0.0,0.0,0.0,0.0,1.0,0.0,0.0,0.0,0.00486695347353816
380,52,False,False,0.5362905263900757,-2.0848634243011475,1.9912950992584229,0.24304646253585815,0.03967892751097679,0.0,0.0,0.0,0.0,1.0,0.0,0.0,0.0,0.005217670928686857
381,53,False,False,0.5362905263900757,-2.0848634243011475,1.988269567489624,0.21673274040222168,0.06960184872150421,0.0,0.0,0.0,0.0,1.0,0.0,0.0,0.0,0.005472995340824127
382,54,False,False,0.5362905263900757,-2.0848634243011475,1.9845683574676514,0.18350958824157715,0.09828458726406097,0.0,0.0,0.0,0.0,1.0,0.0,0.0,0.0,0.0056639257818460464
383,55,False,False,0.5362905263900757,-2.0848634243011475,1.9796173572540283,0.1469327062368393,0.12487348914146423,0.0,0.0,0.0,0.0,1.0,0.0,0.0,0.0,0.005828834604471922
384,56,False,False,0.5362905263900757,-2.0848634243011475,1.9731221199035645,0.11046680063009262,0.15047332644462585,0.0,0.0,0.0,0.0,1.0,0.0,0.0,0.0,0.0060409498400986195
385,57,False,False,0.5362905263900757,-2.0848634243011475,1.9654284715652466,0.0713537186384201,0.1842803657054901,0.0,0.0,0.0,0.0,1.0,0.0,0.0,0.0,0.006547670811414719
386,58,False,False,0.5362905263900757,-2.0848634243011475,1.955695629119873,0.044264424592256546,0.23138898611068726,0.0,0.0,0.0,0.0,1.0,0.0,0.0,0.0,0.007032997906208038
387,59,False,False,0.5362905263900757,-2.0848634243011475,1.9436601400375366,0.02533481828868389,0.2809397578239441,0.0,0.0,0.0,0.0,1.0,0.0,0.0,0.0,0.007057569921016693
388,60,False,False,0.5362905263900757,-2.0848634243011475,1.9296962022781372,0.02105545438826084,0.3224184513092041,0.0,0.0,0.0,0.0,1.0,0.0,0.0,0.0,0.00675884960219264
389,61,False,False,0.5362905263900757,-2.0848634243011475,1.9146504402160645,0.019266318529844284,0.35354334115982056,0.0,0.0,0.0,0.0,1.0,0.0,0.0,0.0,0.006574023514986038
390,62,False,False,0.5362905263900757,-2.0848634243011475,1.8986601829528809,0.023418257012963295,0.37830379605293274,0.0,0.0,0.0,0.0,1.0,0.0,0.0,0.0,0.006733105517923832
391,63,False,False,0.5362905263900757,-2.0848634243011475,1.881401538848877,0.0410674586892128,0.3996736407279968,0.0,0.0,0.0,0.0,1.0,0.0,0.0,0.0,0.007178774569183588
392,64,False,False,0.5362905263900757,-2.0848634243011475,1.8619780540466309,0.07518758624792099,0.42073675990104675,0.0,0.0,0.0,0.0,1.0,0.0,0.0,0.0,0.007874471135437489
393,65,False,False,0.5362905263900757,-2.0848634243011475,1.8385262489318848,0.11815651506185532,0.4531368315219879,0.0,0.0,0.0,0.0,1.0,0.0,0.0,0.0,0.008957937359809875
394,66,False,False,0.5362905263900757,-2.0848634243011475,1.8092678785324097,0.16388483345508575,0.5038405060768127,0.0,0.0,0.0,0.0,1.0,0.0,0.0,0.0,0.010162672959268093
395,67,False,False,0.5362905263900757,-2.0848634243011475,1.7754892110824585,0.20196402072906494,0.56096351146698,0.0,0.0,0.0,0.0,1.0,0.0,0.0,0.0,0.011020571924746037
396,68,False,False,0.5362905263900757,-2.0848634243011475,1.7389001846313477,0.23082546889781952,0.6152580976486206,0.0,0.0,0.0,0.0,1.0,0.0,0.0,0.0,0.011666896753013134
397,69,False,False,0.5362905263900757,-2.0848634243011475,1.700594425201416,0.2486361265182495,0.6655736565589905,0.0,0.0,0.0,0.0,1.0,0.0,0.0,0.0,0.0123574985191226
398,70,False,False,0.5362905263900757,-2.0848634243011475,1.6615524291992188,0.2493770718574524,0.7136210799217224,0.0,0.0,0.0,0.0,1.0,0.0,0.0,0.0,0.01310501154512167
399,71,False,False,0.5362905263900757,-2.0848634243011475,1.621340274810791,0.23060348629951477,0.7620358467102051,0.0,0.0,0.0,0.0,1.0,0.0,0.0,0.0,0.013972902670502663
400,72,False,False,0.5362905263900757,-2.0848634243011475,1.5782476663589478,0.19424131512641907,0.8123141527175903,0.0,0.0,0.0,0.0,1.0,0.0,0.0,0.0,0.014917909167706966
