step,episode_step,terminated,truncated,root_qpos_z,info_root_height,ball_x,ball_y,ball_rel_waist_x,ball_rel_waist_y,ball_rel_waist_z,ball_qvel_x,ball_qvel_y,ball_speed_qvel,info_ball_speed,ball_visible,termination_ball_unseen,termination_ball_out,termination_fallen,reward_total
1,1,False,False,0.6247495412826538,0.6264179348945618,0.4981427490711212,2.0076069831848145,1.9981365203857422,0.020705142989754677,-0.42426255345344543,0.0,0.0,0.0,0.0,1.0,nan,nan,0.0,0.06778793781995773
2,2,False,False,0.6157061457633972,0.618251621723175,0.4981427490711212,2.0076069831848145,2.009320020675659,0.08202061057090759,-0.3770211338996887,0.0,0.0,0.0,0.0,1.0,nan,nan,0.0,0.06831536442041397
3,3,False,False,0.6041612029075623,0.6072264313697815,0.4981427490711212,2.0076069831848145,2.0085246562957764,0.1481594443321228,-0.3568698763847351,0.0,0.0,0.0,0.0,1.0,nan,nan,0.0,0.050304848700761795
4,4,False,False,0.5911735892295837,0.5944814682006836,0.4981427490711212,2.0076069831848145,1.9962414503097534,0.20368348062038422,-0.3703281283378601,0.0,0.0,0.0,0.0,1.0,nan,nan,0.0,0.04987871274352074
5,5,False,False,0.5778174996376038,0.5811445713043213,0.4981427490711212,2.0076069831848145,1.9782823324203491,0.23305952548980713,-0.40699681639671326,0.0,0.0,0.0,0.0,1.0,nan,nan,0.0,0.03263331949710846
6,6,False,False,0.5648090243339539,0.5679816603660583,0.4981427490711212,2.0076069831848145,1.959222674369812,0.23837631940841675,-0.45293423533439636,0.0,0.0,0.0,0.0,1.0,nan,nan,0.0,0.025770653039216995
7,7,False,False,0.5529632568359375,0.5557671785354614,0.4981427490711212,2.0076069831848145,1.939867377281189,0.23142606019973755,-0.5013953447341919,0.0,0.0,0.0,0.0,1.0,nan,nan,0.0,0.021213127300143242
8,8,False,False,0.5431997179985046,0.5454007387161255,0.4981427490711212,2.0076069831848145,1.9192453622817993,0.21976256370544434,-0.5521737337112427,0.0,0.0,0.0,0.0,1.0,nan,nan,0.0,0.015251301229000092
9,9,False,False,0.5356671810150146,0.537415087223053,0.4981427490711212,2.0076069831848145,1.8977800607681274,0.2179032415151596,-0.5999520421028137,0.0,0.0,0.0,0.0,1.0,nan,nan,0.0,0.010581443086266518
10,10,False,False,0.5298876762390137,0.5312413573265076,0.4981427490711212,2.0076069831848145,1.8833996057510376,0.2265571504831314,-0.6267425417900085,0.0,0.0,0.0,0.0,1.0,nan,nan,0.0,0.016036292538046837
11,11,False,False,0.5255782008171082,0.5265522003173828,0.4981427490711212,2.0076069831848145,1.8832217454910278,0.23264501988887787,-0.6222280859947205,0.0,0.0,0.0,0.0,1.0,nan,nan,0.0,0.01798301935195923
12,12,False,False,0.5223581790924072,0.5230551362037659,0.4981427490711212,2.0076069831848145,1.894410490989685,0.2347630113363266,-0.5925365090370178,0.0,0.0,0.0,0.0,1.0,nan,nan,0.0,0.018598070368170738
13,13,False,False,0.5208338499069214,0.5209575295448303,0.4981427490711212,2.0076069831848145,1.9094579219818115,0.23327763378620148,-0.5530124306678772,0.0,0.0,0.0,0.0,1.0,nan,nan,0.0,0.016021249815821648
14,14,False,False,0.5211689472198486,0.5210646986961365,0.4981427490711212,2.0076069831848145,1.9271340370178223,0.20973657071590424,-0.5116485357284546,0.0,0.0,0.0,0.0,1.0,nan,nan,0.0,0.010864408686757088
15,15,False,False,0.5216073393821716,0.5215162634849548,0.4981427490711212,2.0076069831848145,1.9450039863586426,0.21411244571208954,-0.45694559812545776,0.0,0.0,0.0,0.0,1.0,nan,nan,0.0,0.008629602380096912
16,16,False,False,0.5226161479949951,0.5222629904747009,0.4981427490711212,2.0076069831848145,1.962174892425537,0.2279704362154007,-0.3955426812171936,0.0,0.0,0.0,0.0,1.0,nan,nan,0.0,0.009073584340512753
17,17,False,False,0.5239473581314087,0.523669421672821,0.4981427490711212,2.0076069831848145,1.9719183444976807,0.24060767889022827,-0.3538742661476135,0.0,0.0,0.0,0.0,1.0,nan,nan,0.0,0.006541715003550053
18,18,False,False,0.5245523452758789,0.5244983434677124,0.4981427490711212,2.0076069831848145,1.9767351150512695,0.24429820477962494,-0.32996100187301636,0.0,0.0,0.0,0.0,1.0,nan,nan,0.0,0.004566733725368977
19,19,False,False,0.5243082046508789,0.5244701504707336,0.4981427490711212,2.0076069831848145,1.98038649559021,0.2354716807603836,-0.31440481543540955,0.0,0.0,0.0,0.0,1.0,nan,nan,0.0,0.003525631967931986
20,20,False,False,0.5231778621673584,0.5235199332237244,0.4981427490711212,2.0076069831848145,1.9814157485961914,0.22230979800224304,-0.3092552125453949,0.0,0.0,0.0,0.0,1.0,nan,nan,0.0,0.002402337035164237
21,21,False,False,0.5214499235153198,0.5219107270240784,0.4981427490711212,2.0076069831848145,1.9787209033966064,0.2078884392976761,-0.31728920340538025,0.0,0.0,0.0,0.0,1.0,nan,nan,0.0,0.0012329345336183906
22,22,False,False,0.5200306177139282,0.5201659798622131,0.4981427490711212,2.0076069831848145,1.9727692604064941,0.19292451441287994,-0.3361084461212158,0.0,0.0,0.0,0.0,1.0,nan,nan,0.0,0.000441465963376686
23,23,False,False,0.5207203030586243,0.5203937888145447,0.4981427490711212,2.0076069831848145,1.9639121294021606,0.17611102759838104,-0.3659270405769348,0.0,0.0,0.0,0.0,1.0,nan,nan,0.0,-0.0008382648229598999
24,24,False,False,0.5229731798171997,0.5222499370574951,0.4981427490711212,2.0076069831848145,1.950671672821045,0.14263004064559937,-0.4121493101119995,0.0,0.0,0.0,0.0,1.0,nan,nan,0.0,-0.0036372989416122437
25,25,False,False,0.52683424949646,0.5257377624511719,0.4981427490711212,2.0076069831848145,1.9356374740600586,0.1441480964422226,-0.4520930349826813,0.0,0.0,0.0,0.0,1.0,nan,nan,0.0,-0.0008118897676467896
26,26,False,False,0.5323064923286438,0.5307231545448303,0.4981427490711212,2.0076069831848145,1.9234974384307861,0.16807584464550018,-0.47634434700012207,0.0,0.0,0.0,0.0,1.0,nan,nan,0.0,0.0012662349035963416
27,27,False,False,0.5391404032707214,0.5374029278755188,0.4981427490711212,2.0076069831848145,1.922723412513733,0.16598404943943024,-0.47455233335494995,0.0,0.0,0.0,0.0,1.0,nan,nan,0.0,0.003310645464807749
28,28,False,False,0.5453781485557556,0.543918788433075,0.4981427490711212,2.0076069831848145,1.937144160270691,0.1227196604013443,-0.4368115961551666,0.0,0.0,0.0,0.0,1.0,nan,nan,0.0,0.005750655196607113
29,29,False,False,0.5508071184158325,0.5494059920310974,0.4981427490711212,2.0076069831848145,1.9574079513549805,0.10305653512477875,-0.3686591684818268,0.0,0.0,0.0,0.0,1.0,nan,nan,0.0,0.007863021455705166
30,30,False,False,0.5557070970535278,0.5545954704284668,0.4981427490711212,2.0076069831848145,1.9758580923080444,0.10228195786476135,-0.29273733496665955,0.0,0.0,0.0,0.0,1.0,nan,nan,0.0,0.00827307440340519
31,31,False,False,0.5590811371803284,0.5584011673927307,0.4981427490711212,2.0076069831848145,1.9871104955673218,0.11499737203121185,-0.23032844066619873,0.0,0.0,0.0,0.0,1.0,nan,nan,0.0,0.007167010102421045
32,32,False,False,0.5606451034545898,0.5604153871536255,0.4981427490711212,2.0076069831848145,1.993920922279358,0.11078011989593506,-0.1838175356388092,0.0,0.0,0.0,0.0,1.0,nan,nan,0.0,0.005841413978487253
33,33,False,False,0.5611374974250793,0.5611017942428589,0.4981427490711212,2.0076069831848145,1.997645378112793,0.0878567099571228,-0.15382377803325653,0.0,0.0,0.0,0.0,1.0,nan,nan,0.0,0.004480782430619001
34,34,False,False,0.5612723231315613,0.5612646341323853,0.4981427490711212,2.0076069831848145,1.9968968629837036,0.0673784613609314,-0.1462724506855011,0.0,0.0,0.0,0.0,1.0,nan,nan,0.0,0.0028115359600633383
35,35,False,False,0.5608883500099182,0.5610731840133667,0.4981427490711212,2.0076069831848145,1.9918574094772339,0.053544458001852036,-0.16078442335128784,0.0,0.0,0.0,0.0,1.0,nan,nan,0.0,0.00130468572024256
36,36,False,False,0.5595070719718933,0.5599672794342041,0.4981427490711212,2.0076069831848145,1.9845037460327148,0.038691360503435135,-0.1851656436920166,0.0,0.0,0.0,0.0,1.0,nan,nan,0.0,0.0006903490284457803
37,37,False,False,0.5574646592140198,0.5580414533615112,0.4981427490711212,2.0076069831848145,1.9770265817642212,0.013429993763566017,-0.20748154819011688,0.0,0.0,0.0,0.0,1.0,nan,nan,0.0,0.0008567561744712293
38,38,False,False,0.5553286075592041,0.5558546185493469,0.4981427490711212,2.0076069831848145,1.9705058336257935,-0.01476979348808527,-0.22196224331855774,0.0,0.0,0.0,0.0,1.0,nan,nan,0.0,0.0014941488625481725
39,39,False,False,0.5533552765846252,0.5537928342819214,0.4981427490711212,2.0076069831848145,1.9651134014129639,-0.04147599637508392,-0.2284141331911087,0.0,0.0,0.0,0.0,1.0,nan,nan,0.0,0.0022403497714549303
40,40,False,False,0.5509997606277466,0.5516738891601562,0.4981427490711212,2.0076069831848145,1.9618797302246094,-0.073712557554245,-0.2216033637523651,0.0,0.0,0.0,0.0,1.0,nan,nan,0.0,0.0033343990799039602
41,41,False,False,0.5474055409431458,0.5484426021575928,0.4981427490711212,2.0076069831848145,1.9630210399627686,-0.0987938866019249,-0.19143658876419067,0.0,0.0,0.0,0.0,1.0,nan,nan,0.0,0.004907139576971531
42,42,False,False,0.54218590259552,0.5436308979988098,0.4981427490711212,2.0076069831848145,1.9658324718475342,-0.10514236241579056,-0.1508219838142395,0.0,0.0,0.0,0.0,1.0,nan,nan,0.0,0.005594253074377775
43,43,False,False,0.5354194641113281,0.5372394919395447,0.4981427490711212,2.0076069831848145,1.967641830444336,-0.10512418299913406,-0.10973326861858368,0.0,0.0,0.0,0.0,1.0,nan,nan,0.0,0.00558712100610137
44,44,False,False,0.5271652936935425,0.5293624401092529,0.4981427490711212,2.0076069831848145,1.967490553855896,-0.10008881241083145,-0.07517644017934799,0.0,0.0,0.0,0.0,1.0,nan,nan,0.0,0.005069917533546686
45,45,False,False,0.5177598595619202,0.5201548933982849,0.4981427490711212,2.0076069831848145,1.964946985244751,-0.09077434986829758,-0.052978940308094025,0.0,0.0,0.0,0.0,1.0,nan,nan,0.0,0.004161964636296034
46,0,True,False,0.6298816204071045,0.5103592276573181,-1.8987925052642822,0.8206847310066223,1.989669919013977,0.0006885745096951723,-0.4528626799583435,0.0,0.0,0.0,0.0,1.0,nan,nan,1.0,0.00333668221719563
47,1,False,False,0.6243074536323547,0.6261489391326904,2.0144734382629395,-0.46930447220802307,1.9987620115280151,0.0020217751152813435,-0.42239195108413696,0.0,0.0,0.0,0.0,1.0,nan,nan,0.0,0.06680465489625931
48,2,False,False,0.6145941615104675,0.6172971725463867,2.0144734382629395,-0.46930447220802307,2.0129923820495605,0.04949183762073517,-0.3667941093444824,0.0,0.0,0.0,0.0,1.0,nan,nan,0.0,0.06424327194690704
49,3,False,False,0.6024985313415527,0.605659544467926,2.0144734382629395,-0.46930447220802307,2.0135414600372314,0.11921670287847519,-0.3438072204589844,0.0,0.0,0.0,0.0,1.0,nan,nan,0.0,0.05235350877046585
50,4,False,False,0.5892587304115295,0.5926269888877869,2.0144734382629395,-0.46930447220802307,2.0009920597076416,0.1821145862340927,-0.3592369556427002,0.0,0.0,0.0,0.0,1.0,nan,nan,0.0,0.038175687193870544
51,5,False,False,0.57574063539505,0.5791003704071045,2.0144734382629395,-0.46930447220802307,1.9813531637191772,0.22102849185466766,-0.4008796215057373,0.0,0.0,0.0,0.0,1.0,nan,nan,0.0,0.02861206792294979
52,6,False,False,0.5628228187561035,0.5659676194190979,2.0144734382629395,-0.46930447220802307,1.9602470397949219,0.22202016413211823,-0.4567185044288635,0.0,0.0,0.0,0.0,1.0,nan,nan,0.0,0.0222585778683424
53,7,False,False,0.5513226389884949,0.5540138483047485,2.0144734382629395,-0.46930447220802307,1.9380548000335693,0.20014773309230804,-0.516951322555542,0.0,0.0,0.0,0.0,1.0,nan,nan,0.0,0.01364601869136095
54,8,False,False,0.5420624613761902,0.5441312193870544,2.0144734382629395,-0.46930447220802307,1.9138773679733276,0.19475291669368744,-0.5732902884483337,0.0,0.0,0.0,0.0,1.0,nan,nan,0.0,0.009732231497764587
55,9,False,False,0.5358051657676697,0.5370655059814453,2.0144734382629395,-0.46930447220802307,1.8910071849822998,0.19772358238697052,-0.6221942901611328,0.0,0.0,0.0,0.0,1.0,nan,nan,0.0,0.00614498695358634
56,10,False,False,0.5330845713615417,0.5334271192550659,2.0144734382629395,-0.46930447220802307,1.8715589046478271,0.20160908997058868,-0.6624091267585754,0.0,0.0,0.0,0.0,1.0,nan,nan,0.0,0.005941601004451513
57,11,False,False,0.5341846942901611,0.5335566997528076,2.0144734382629395,-0.46930447220802307,1.8564945459365845,0.2028738409280777,-0.6940247416496277,0.0,0.0,0.0,0.0,1.0,nan,nan,0.0,0.006411208305507898
58,12,False,False,0.5392296314239502,0.5376091599464417,2.0144734382629395,-0.46930447220802307,1.8467066287994385,0.200999453663826,-0.7162858247756958,0.0,0.0,0.0,0.0,1.0,nan,nan,0.0,0.006078676786273718
59,13,False,False,0.5482473373413086,0.5456427931785583,2.0144734382629395,-0.46930447220802307,1.8435508012771606,0.1943839192390442,-0.7275679111480713,0.0,0.0,0.0,0.0,1.0,nan,nan,0.0,0.006639513652771711
60,14,False,False,0.5599319338798523,0.5568411946296692,2.0144734382629395,-0.46930447220802307,1.8563718795776367,0.1876945048570633,-0.7082838416099548,0.0,0.0,0.0,0.0,1.0,nan,nan,0.0,0.007646392565220594
61,15,False,False,0.5725493431091309,0.5693780183792114,2.0144734382629395,-0.46930447220802307,1.8914790153503418,0.1919965147972107,-0.6383958458900452,0.0,0.0,0.0,0.0,1.0,nan,nan,0.0,0.0113126365467906
62,16,False,False,0.5850479602813721,0.5819851756095886,2.0144734382629395,-0.46930447220802307,1.9349181652069092,0.21822768449783325,-0.5324697494506836,0.0,0.0,0.0,0.0,1.0,nan,nan,0.0,0.015120002441108227
63,17,False,False,0.5960465669631958,0.5935016870498657,2.0144734382629395,-0.46930447220802307,1.9764447212219238,0.23565228283405304,-0.41195741295814514,0.0,0.0,0.0,0.0,1.0,nan,nan,0.0,0.015985719859600067
64,18,False,False,0.6044726967811584,0.60263592004776,2.0144734382629395,-0.46930447220802307,2.0055065155029297,0.24569390714168549,-0.3088959753513336,0.0,0.0,0.0,0.0,1.0,nan,nan,0.0,0.013070362620055676
65,19,False,False,0.6098740696907043,0.6088136434555054,2.0144734382629395,-0.46930447220802307,2.0210704803466797,0.25732651352882385,-0.23876219987869263,0.0,0.0,0.0,0.0,1.0,nan,nan,0.0,0.008713927119970322
66,20,False,False,0.6122315526008606,0.6119173169136047,2.0144734382629395,-0.46930447220802307,2.0260841846466064,0.27034714818000793,-0.20612883567810059,0.0,0.0,0.0,0.0,1.0,nan,nan,0.0,0.00426942715421319
67,21,False,False,0.6118507385253906,0.6121813654899597,2.0144734382629395,-0.46930447220802307,2.023277759552002,0.28549498319625854,-0.2065867781639099,0.0,0.0,0.0,0.0,1.0,nan,nan,0.0,0.0006476491107605398
68,22,False,False,0.6092538237571716,0.6100876927375793,2.0144734382629395,-0.46930447220802307,2.0148401260375977,0.3019031286239624,-0.23019284009933472,0.0,0.0,0.0,0.0,1.0,nan,nan,0.0,-0.004648938775062561
69,23,False,False,0.6050252914428711,0.6062135696411133,2.0144734382629395,-0.46930447220802307,2.0027782917022705,0.3179832100868225,-0.26553285121917725,0.0,0.0,0.0,0.0,1.0,nan,nan,0.0,-0.00783376395702362
70,24,False,False,0.5997233986854553,0.6011337637901306,2.0144734382629395,-0.46930447220802307,1.988754153251648,0.3339637219905853,-0.3032407760620117,0.0,0.0,0.0,0.0,1.0,nan,nan,0.0,-0.008313655853271484
71,25,False,False,0.5940051674842834,0.5954357385635376,2.0144734382629395,-0.46930447220802307,1.9744408130645752,0.3488198220729828,-0.3373972773551941,0.0,0.0,0.0,0.0,1.0,nan,nan,0.0,-0.006960779428482056
72,26,False,False,0.5885219573974609,0.5897828936576843,2.0144734382629395,-0.46930447220802307,1.9621355533599854,0.3551885187625885,-0.36592715978622437,0.0,0.0,0.0,0.0,1.0,nan,nan,0.0,-0.004784762859344482
73,27,False,False,0.5841525197029114,0.5851333141326904,2.0144734382629395,-0.46930447220802307,1.9551748037338257,0.35283163189888,-0.3804292678833008,0.0,0.0,0.0,0.0,1.0,nan,nan,0.0,-0.00042706727981567383
74,28,False,False,0.5810719132423401,0.5817416906356812,2.0144734382629395,-0.46930447220802307,1.9568144083023071,0.34315022826194763,-0.37118959426879883,0.0,0.0,0.0,0.0,1.0,nan,nan,0.0,0.0016154991462826729
75,29,False,False,0.5785539746284485,0.5791711211204529,2.0144734382629395,-0.46930447220802307,1.95501708984375,0.3654061555862427,-0.35365670919418335,0.0,0.0,0.0,0.0,1.0,nan,nan,0.0,0.002380989259108901
76,30,False,False,0.5761191844940186,0.5767183303833008,2.0144734382629395,-0.46930447220802307,1.9455019235610962,0.4004252851009369,-0.3508673310279846,0.0,0.0,0.0,0.0,1.0,nan,nan,0.0,0.0017877034842967987
77,31,False,False,0.5736175179481506,0.5742644667625427,2.0144734382629395,-0.46930447220802307,1.9446722269058228,0.3937731981277466,-0.34524106979370117,0.0,0.0,0.0,0.0,1.0,nan,nan,0.0,0.0021052444353699684
78,32,False,False,0.5707986950874329,0.571535050868988,2.0144734382629395,-0.46930447220802307,1.9521756172180176,0.36185258626937866,-0.3260350525379181,0.0,0.0,0.0,0.0,1.0,nan,nan,0.0,0.002981411525979638
79,33,False,False,0.5676384568214417,0.5684731602668762,2.0144734382629395,-0.46930447220802307,1.9631990194320679,0.3216886818408966,-0.2949114143848419,0.0,0.0,0.0,0.0,1.0,nan,nan,0.0,0.003737298073247075
80,34,False,False,0.5640861988067627,0.5649949312210083,2.0144734382629395,-0.46930447220802307,1.9734840393066406,0.2833360433578491,-0.2589375674724579,0.0,0.0,0.0,0.0,1.0,nan,nan,0.0,0.004148842301219702
81,35,False,False,0.561154842376709,0.5618208646774292,2.0144734382629395,-0.46930447220802307,1.9794416427612305,0.25688105821609497,-0.22882159054279327,0.0,0.0,0.0,0.0,1.0,nan,nan,0.0,0.00403666403144598
82,36,False,False,0.5592804551124573,0.5595693588256836,2.0144734382629395,-0.46930447220802307,1.9800206422805786,0.24542951583862305,-0.21166226267814636,0.0,0.0,0.0,0.0,1.0,nan,nan,0.0,0.003646771190688014
83,37,False,False,0.559627115726471,0.559326708316803,2.0144734382629395,-0.46930447220802307,1.9768004417419434,0.23569272458553314,-0.21180008351802826,0.0,0.0,0.0,0.0,1.0,nan,nan,0.0,0.002992936410009861
84,38,False,False,0.5621140003204346,0.56126469373703,2.0144734382629395,-0.46930447220802307,1.97072434425354,0.22773288190364838,-0.22431227564811707,0.0,0.0,0.0,0.0,1.0,nan,nan,0.0,0.0027275297325104475
85,39,False,False,0.5669233202934265,0.5655311942100525,2.0144734382629395,-0.46930447220802307,1.9665776491165161,0.19919732213020325,-0.23750263452529907,0.0,0.0,0.0,0.0,1.0,nan,nan,0.0,0.0031889218371361494
86,40,False,False,0.5734308958053589,0.5717061758041382,2.0144734382629395,-0.46930447220802307,1.96487295627594,0.17906174063682556,-0.23429524898529053,0.0,0.0,0.0,0.0,1.0,nan,nan,0.0,0.0046309675090014935
87,41,False,False,0.5806769132614136,0.5789075493812561,2.0144734382629395,-0.46930447220802307,1.9720693826675415,0.1524653434753418,-0.19080820679664612,0.0,0.0,0.0,0.0,1.0,nan,nan,0.0,0.007290878798812628
88,42,False,False,0.5867419838905334,0.5853985548019409,2.0144734382629395,-0.46930447220802307,1.9817562103271484,0.14208561182022095,-0.11620260775089264,0.0,0.0,0.0,0.0,1.0,nan,nan,0.0,0.009249186143279076
89,43,False,False,0.591076135635376,0.5901132225990295,2.0144734382629395,-0.46930447220802307,1.9891642332077026,0.14261066913604736,-0.024734558537602425,0.0,0.0,0.0,0.0,1.0,nan,nan,0.0,0.01023465022444725
90,44,False,False,0.5939104557037354,0.5933343768119812,2.0144734382629395,-0.46930447220802307,1.98874032497406,0.15418878197669983,0.04130271449685097,0.0,0.0,0.0,0.0,1.0,nan,nan,0.0,0.009039420634508133
91,45,False,False,0.5953351259231567,0.5951085686683655,2.0144734382629395,-0.46930447220802307,1.9845402240753174,0.15503917634487152,0.07844178378582001,0.0,0.0,0.0,0.0,1.0,nan,nan,0.0,0.007571944035589695
92,46,False,False,0.5952115654945374,0.5953961610794067,2.0144734382629395,-0.46930447220802307,1.978637933731079,0.15292730927467346,0.09872764348983765,0.0,0.0,0.0,0.0,1.0,nan,nan,0.0,0.006459629628807306
93,47,False,False,0.5935266613960266,0.5940868258476257,2.0144734382629395,-0.46930447220802307,1.971387267112732,0.153207927942276,0.10760288685560226,0.0,0.0,0.0,0.0,1.0,nan,nan,0.0,0.005661849398165941
94,48,False,False,0.5905446410179138,0.5913870930671692,2.0144734382629395,-0.46930447220802307,1.9629621505737305,0.15557733178138733,0.10749223828315735,0.0,0.0,0.0,0.0,1.0,nan,nan,0.0,0.0051618036814033985
95,49,False,False,0.5867325067520142,0.5877169966697693,2.0144734382629395,-0.46930447220802307,1.9539735317230225,0.1555297076702118,0.10384635627269745,0.0,0.0,0.0,0.0,1.0,nan,nan,0.0,0.0050997198559343815
96,50,False,False,0.5833008885383606,0.5840705037117004,2.0144734382629395,-0.46930447220802307,1.9437682628631592,0.15985681116580963,0.09579699486494064,0.0,0.0,0.0,0.0,1.0,nan,nan,0.0,0.005272488575428724
97,51,False,False,0.5808920860290527,0.5813798308372498,2.0144734382629395,-0.46930447220802307,1.9323559999465942,0.1653674691915512,0.08182394504547119,0.0,0.0,0.0,0.0,1.0,nan,nan,0.0,0.005627520382404327
98,52,False,False,0.5798994898796082,0.5800194144248962,2.0144734382629395,-0.46930447220802307,1.920520305633545,0.16719765961170197,0.07032644748687744,0.0,0.0,0.0,0.0,1.0,nan,nan,0.0,0.006599485874176025
99,53,False,False,0.5799392461776733,0.5798551440238953,2.0144734382629395,-0.46930447220802307,1.9098116159439087,0.16826152801513672,0.08483988791704178,0.0,0.0,0.0,0.0,1.0,nan,nan,0.0,0.0088857002556324
100,54,False,False,0.5805491805076599,0.5803666114807129,2.0144734382629395,-0.46930447220802307,1.9003745317459106,0.170240119099617,0.14044073224067688,0.0,0.0,0.0,0.0,1.0,nan,nan,0.0,0.011747202835977077
101,55,False,False,0.5811493992805481,0.5810416340827942,2.0144734382629395,-0.46930447220802307,1.8893935680389404,0.16425591707229614,0.21960212290287018,0.0,0.0,0.0,0.0,1.0,nan,nan,0.0,0.013519451022148132
102,56,False,False,0.580933690071106,0.581091582775116,2.0144734382629395,-0.46930447220802307,1.8749263286590576,0.147381991147995,0.29925426840782166,0.0,0.0,0.0,0.0,1.0,nan,nan,0.0,0.013958528637886047
103,57,False,False,0.5794421434402466,0.5799428224563599,2.0144734382629395,-0.46930447220802307,1.8571388721466064,0.12201318889856339,0.37004145979881287,0.0,0.0,0.0,0.0,1.0,nan,nan,0.0,0.013804196380078793
104,58,False,False,0.5765327215194702,0.5773924589157104,2.0144734382629395,-0.46930447220802307,1.8364918231964111,0.09447145462036133,0.43088430166244507,0.0,0.0,0.0,0.0,1.0,nan,nan,0.0,0.013567640446126461
105,59,False,False,0.5722809433937073,0.573460042476654,2.0144734382629395,-0.46930447220802307,1.813472032546997,0.06828022003173828,0.48326748609542847,0.0,0.0,0.0,0.0,1.0,nan,nan,0.0,0.013484765775501728
106,60,False,False,0.5669224858283997,0.5683544874191284,2.0144734382629395,-0.46930447220802307,1.7882589101791382,0.04489158093929291,0.5296795964241028,0.0,0.0,0.0,0.0,1.0,nan,nan,0.0,0.013698105700314045
107,61,False,False,0.5611438155174255,0.5625516772270203,2.0144734382629395,-0.46930447220802307,1.7608468532562256,0.018835505470633507,0.5723868012428284,0.0,0.0,0.0,0.0,1.0,nan,nan,0.0,0.01425508689135313
108,62,False,False,0.5558140277862549,0.5571050047874451,2.0144734382629395,-0.46930447220802307,1.7306784391403198,-0.0078041329979896545,0.613425612449646,0.0,0.0,0.0,0.0,1.0,nan,nan,0.0,0.015288904309272766
109,63,False,False,0.5509034991264343,0.5521078109741211,2.0144734382629395,-0.46930447220802307,1.6982871294021606,-0.02873009257018566,0.649581253528595,0.0,0.0,0.0,0.0,1.0,nan,nan,0.0,0.016481634229421616
110,64,False,False,0.5461986064910889,0.5473541617393494,2.0144734382629395,-0.46930447220802307,1.6630607843399048,-0.05049100145697594,0.6831365823745728,0.0,0.0,0.0,0.0,1.0,nan,nan,0.0,0.01797829568386078
111,65,False,False,0.5417128205299377,0.5428104996681213,2.0144734382629395,-0.46930447220802307,1.6233875751495361,-0.07672223448753357,0.7185966372489929,0.0,0.0,0.0,0.0,1.0,nan,nan,0.0,0.019770799204707146
112,66,False,False,0.5376513004302979,0.5386263728141785,2.0144734382629395,-0.46930447220802307,1.5732392072677612,-0.10328273475170135,0.7737464904785156,0.0,0.0,0.0,0.0,1.0,nan,nan,0.0,0.022225812077522278
113,67,False,False,0.5334692597389221,0.5345954895019531,2.0144734382629395,-0.46930447220802307,1.5085421800613403,-0.1156235784292221,0.854997456073761,0.0,0.0,0.0,0.0,1.0,nan,nan,0.0,0.0246109776198864
114,68,False,False,0.5275493860244751,0.529312252998352,2.0144734382629395,-0.46930447220802307,1.4321564435958862,-0.11058645695447922,0.9453865885734558,0.0,0.0,0.0,0.0,1.0,nan,nan,0.0,0.02602560631930828
115,69,False,False,0.5182725191116333,0.5209407806396484,2.0144734382629395,-0.46930447220802307,1.351278305053711,-0.10680896788835526,1.0235586166381836,0.0,0.0,0.0,0.0,1.0,nan,nan,0.0,0.026490965858101845
116,0,True,False,0.6299468874931335,0.5087614059448242,-1.0824726819992065,-1.7627084255218506,1.989600658416748,0.0010578131768852472,-0.45314329862594604,0.0,0.0,0.0,0.0,1.0,nan,nan,1.0,0.02644629217684269
117,1,False,False,0.6246708631515503,0.6265066266059875,1.252550721168518,1.6462898254394531,1.99709153175354,0.015331628732383251,-0.42878878116607666,0.0,0.0,0.0,0.0,1.0,nan,nan,0.0,0.06595879793167114
118,2,False,False,0.6149901747703552,0.6176968812942505,1.252550721168518,1.6462898254394531,2.011786699295044,0.06444381922483444,-0.3706878423690796,0.0,0.0,0.0,0.0,1.0,nan,nan,0.0,0.06478901952505112
119,3,False,False,0.6028461456298828,0.6060327887535095,1.252550721168518,1.6462898254394531,2.012983798980713,0.11833659559488297,-0.34731221199035645,0.0,0.0,0.0,0.0,1.0,nan,nan,0.0,0.05094611644744873
120,4,False,False,0.5894937515258789,0.5928802490234375,1.252550721168518,1.6462898254394531,2.000328779220581,0.17718099057674408,-0.3641308546066284,0.0,0.0,0.0,0.0,1.0,nan,nan,0.0,0.03955039009451866
121,5,False,False,0.5758839249610901,0.5792791843414307,1.252550721168518,1.6462898254394531,1.979600429534912,0.21840696036815643,-0.4076588749885559,0.0,0.0,0.0,0.0,1.0,nan,nan,0.0,0.02992374077439308
122,6,False,False,0.5628283619880676,0.5659981369972229,1.252550721168518,1.6462898254394531,1.9568047523498535,0.22728081047534943,-0.46352362632751465,0.0,0.0,0.0,0.0,1.0,nan,nan,0.0,0.0214798953384161
123,7,False,False,0.5511907935142517,0.5539163947105408,1.252550721168518,1.6462898254394531,1.9334838390350342,0.20963512361049652,-0.5249820947647095,0.0,0.0,0.0,0.0,1.0,nan,nan,0.0,0.013161994516849518
124,8,False,False,0.5417956113815308,0.5438958406448364,1.252550721168518,1.6462898254394531,1.9084984064102173,0.20218892395496368,-0.5836181640625,0.0,0.0,0.0,0.0,1.0,nan,nan,0.0,0.010862025432288647
125,9,False,False,0.535394549369812,0.5366930961608887,1.252550721168518,1.6462898254394531,1.8846722841262817,0.20447669923305511,-0.6343154311180115,0.0,0.0,0.0,0.0,1.0,nan,nan,0.0,0.008427907712757587
126,10,False,False,0.5325609445571899,0.5329270958900452,1.252550721168518,1.6462898254394531,1.8643923997879028,0.20883536338806152,-0.6754930019378662,0.0,0.0,0.0,0.0,1.0,nan,nan,0.0,0.005825205240398645
127,11,False,False,0.5336055159568787,0.5329856276512146,1.252550721168518,1.6462898254394531,1.849019169807434,0.21027232706546783,-0.7070631384849548,0.0,0.0,0.0,0.0,1.0,nan,nan,0.0,0.006613768637180328
128,12,False,False,0.538665235042572,0.5370362401008606,1.252550721168518,1.6462898254394531,1.839316487312317,0.2077069878578186,-0.728873074054718,0.0,0.0,0.0,0.0,1.0,nan,nan,0.0,0.006859728135168552
129,13,False,False,0.5477622747421265,0.5451318621635437,1.252550721168518,1.6462898254394531,1.836498737335205,0.200893372297287,-0.7393972277641296,0.0,0.0,0.0,0.0,1.0,nan,nan,0.0,0.006789870094507933
130,14,False,False,0.5596369504928589,0.5564891695976257,1.252550721168518,1.6462898254394531,1.8502540588378906,0.19228561222553253,-0.7191333770751953,0.0,0.0,0.0,0.0,1.0,nan,nan,0.0,0.00805683620274067
131,15,False,False,0.5724826455116272,0.5692567229270935,1.252550721168518,1.6462898254394531,1.8858990669250488,0.19717493653297424,-0.6492340564727783,0.0,0.0,0.0,0.0,1.0,nan,nan,0.0,0.012021798640489578
132,16,False,False,0.5851645469665527,0.5820758938789368,1.252550721168518,1.6462898254394531,1.9306479692459106,0.2212664783000946,-0.5424619317054749,0.0,0.0,0.0,0.0,1.0,nan,nan,0.0,0.01588037610054016
133,17,False,False,0.5964134931564331,0.5938143134117126,1.252550721168518,1.6462898254394531,1.9735957384109497,0.2349003106355667,-0.42117252945899963,0.0,0.0,0.0,0.0,1.0,nan,nan,0.0,0.016483332961797714
134,18,False,False,0.6049519777297974,0.6031025052070618,1.252550721168518,1.6462898254394531,2.0043535232543945,0.24250029027462006,-0.31483444571495056,0.0,0.0,0.0,0.0,1.0,nan,nan,0.0,0.013641518540680408
135,19,False,False,0.6103340983390808,0.6092883944511414,1.252550721168518,1.6462898254394531,2.020991802215576,0.2521568238735199,-0.24196800589561462,0.0,0.0,0.0,0.0,1.0,nan,nan,0.0,0.009076218120753765
136,20,False,False,0.6125863790512085,0.6123056411743164,1.252550721168518,1.6462898254394531,2.026416540145874,0.26335856318473816,-0.208694726228714,0.0,0.0,0.0,0.0,1.0,nan,nan,0.0,0.004374029114842415
137,21,False,False,0.6120363473892212,0.6124157309532166,1.252550721168518,1.6462898254394531,2.0237135887145996,0.27533864974975586,-0.21075324714183807,0.0,0.0,0.0,0.0,1.0,nan,nan,0.0,0.000588156923186034
138,22,False,False,0.6091689467430115,0.6100826263427734,1.252550721168518,1.6462898254394531,2.015160083770752,0.28758901357650757,-0.23745059967041016,0.0,0.0,0.0,0.0,1.0,nan,nan,0.0,-0.005257055163383484
139,23,False,False,0.6045131087303162,0.6058247089385986,1.252550721168518,1.6462898254394531,2.0023889541625977,0.3023558557033539,-0.27604958415031433,0.0,0.0,0.0,0.0,1.0,nan,nan,0.0,-0.008707568049430847
140,24,False,False,0.5985895991325378,0.6001733541488647,1.252550721168518,1.6462898254394531,1.987154245376587,0.3205229640007019,-0.316064715385437,0.0,0.0,0.0,0.0,1.0,nan,nan,0.0,-0.009212717413902283
141,25,False,False,0.5922974944114685,0.5938642024993896,1.252550721168518,1.6462898254394531,1.9709683656692505,0.3408626317977905,-0.35246962308883667,0.0,0.0,0.0,0.0,1.0,nan,nan,0.0,-0.00807240605354309
142,26,False,False,0.5867762565612793,0.5879862904548645,1.252550721168518,1.6462898254394531,1.9556024074554443,0.3555029034614563,-0.3855222761631012,0.0,0.0,0.0,0.0,1.0,nan,nan,0.0,-0.00641457736492157
143,27,False,False,0.5823708772659302,0.5834406614303589,1.252550721168518,1.6462898254394531,1.9481745958328247,0.35455048084259033,-0.4005437195301056,0.0,0.0,0.0,0.0,1.0,nan,nan,0.0,-0.0008022040128707886
144,28,False,False,0.5781793594360352,0.579216718673706,1.252550721168518,1.6462898254394531,1.947857141494751,0.3592034578323364,-0.38878756761550903,0.0,0.0,0.0,0.0,1.0,nan,nan,0.0,0.0018031875370070338
145,29,False,False,0.5740576982498169,0.5750221014022827,1.252550721168518,1.6462898254394531,1.9533405303955078,0.3631978929042816,-0.3568863868713379,0.0,0.0,0.0,0.0,1.0,nan,nan,0.0,0.003353031352162361
146,30,False,False,0.5707278847694397,0.571503221988678,1.252550721168518,1.6462898254394531,1.9600355625152588,0.35317185521125793,-0.3279421925544739,0.0,0.0,0.0,0.0,1.0,nan,nan,0.0,0.003485873807221651
147,31,False,False,0.567753791809082,0.5684655904769897,1.252550721168518,1.6462898254394531,1.9581421613693237,0.3581736385822296,-0.3182593584060669,0.0,0.0,0.0,0.0,1.0,nan,nan,0.0,0.0026486944407224655
148,32,False,False,0.5650263428688049,0.5656760334968567,1.252550721168518,1.6462898254394531,1.9547617435455322,0.35242965817451477,-0.3201717138290405,0.0,0.0,0.0,0.0,1.0,nan,nan,0.0,0.0021011638455092907
149,33,False,False,0.5627198815345764,0.5632503032684326,1.252550721168518,1.6462898254394531,1.9557368755340576,0.3242602050304413,-0.31995242834091187,0.0,0.0,0.0,0.0,1.0,nan,nan,0.0,0.0022944784723222256
150,34,False,False,0.5612563490867615,0.5615205764770508,1.252550721168518,1.6462898254394531,1.956484317779541,0.29784220457077026,-0.3181890845298767,0.0,0.0,0.0,0.0,1.0,nan,nan,0.0,0.0025165521074086428
151,35,False,False,0.5610513091087341,0.5609797835350037,1.252550721168518,1.6462898254394531,1.9540826082229614,0.2877705991268158,-0.31808939576148987,0.0,0.0,0.0,0.0,1.0,nan,nan,0.0,0.002684344071894884
152,36,False,False,0.5624356865882874,0.5619390606880188,1.252550721168518,1.6462898254394531,1.9510512351989746,0.2817203104496002,-0.3179585933685303,0.0,0.0,0.0,0.0,1.0,nan,nan,0.0,0.0030506043694913387
153,37,False,False,0.5657832622528076,0.5647551417350769,1.252550721168518,1.6462898254394531,1.9493130445480347,0.27246907353401184,-0.3147943317890167,0.0,0.0,0.0,0.0,1.0,nan,nan,0.0,0.0036502100992947817
154,38,False,False,0.5712419152259827,0.5696755051612854,1.252550721168518,1.6462898254394531,1.9488414525985718,0.266109824180603,-0.3055066466331482,0.0,0.0,0.0,0.0,1.0,nan,nan,0.0,0.004463405814021826
155,39,False,False,0.5789404511451721,0.5768117308616638,1.252550721168518,1.6462898254394531,1.9502620697021484,0.2575070858001709,-0.2899201512336731,0.0,0.0,0.0,0.0,1.0,nan,nan,0.0,0.005330167710781097
156,40,False,False,0.5883152484893799,0.5858733654022217,1.252550721168518,1.6462898254394531,1.9573456048965454,0.2369043529033661,-0.2567325830459595,0.0,0.0,0.0,0.0,1.0,nan,nan,0.0,0.006821935065090656
157,41,False,False,0.5977272391319275,0.5954515337944031,1.252550721168518,1.6462898254394531,1.9691523313522339,0.22134003043174744,-0.19457197189331055,0.0,0.0,0.0,0.0,1.0,nan,nan,0.0,0.008744178339838982
158,42,False,False,0.6054685115814209,0.6037546992301941,1.252550721168518,1.6462898254394531,1.9800423383712769,0.21302872896194458,-0.11716578155755997,0.0,0.0,0.0,0.0,1.0,nan,nan,0.0,0.009636187925934792
159,43,False,False,0.6105772256851196,0.6095654368400574,1.252550721168518,1.6462898254394531,1.9873013496398926,0.2006639540195465,-0.04078776389360428,0.0,0.0,0.0,0.0,1.0,nan,nan,0.0,0.009458239190280437
160,44,False,False,0.612769365310669,0.6124925017356873,1.252550721168518,1.6462898254394531,1.989945411682129,0.18587838113307953,0.023360196501016617,0.0,0.0,0.0,0.0,1.0,nan,nan,0.0,0.00855610053986311
161,45,False,False,0.6121974587440491,0.6125795841217041,1.252550721168518,1.6462898254394531,1.9882320165634155,0.1760832965373993,0.06937205791473389,0.0,0.0,0.0,0.0,1.0,nan,nan,0.0,0.007245307322591543
162,46,False,False,0.6092214584350586,0.6101560592651367,1.252550721168518,1.6462898254394531,1.9833637475967407,0.17284102737903595,0.09542258828878403,0.0,0.0,0.0,0.0,1.0,nan,nan,0.0,0.005807324778288603
163,47,False,False,0.6044442057609558,0.6057870984077454,1.252550721168518,1.6462898254394531,1.9766684770584106,0.17085471749305725,0.10201069712638855,0.0,0.0,0.0,0.0,1.0,nan,nan,0.0,0.004463156219571829
164,48,False,False,0.5982678532600403,0.5999302864074707,1.252550721168518,1.6462898254394531,1.9689396619796753,0.16549207270145416,0.09398777782917023,0.0,0.0,0.0,0.0,1.0,nan,nan,0.0,0.003527664113789797
165,49,False,False,0.5910944938659668,0.5929518938064575,1.252550721168518,1.6462898254394531,1.9603315591812134,0.1561676561832428,0.077822744846344,0.0,0.0,0.0,0.0,1.0,nan,nan,0.0,0.0031316739041358232
166,50,False,False,0.5836167335510254,0.5854160189628601,1.252550721168518,1.6462898254394531,1.9516693353652954,0.13472826778888702,0.06052478402853012,0.0,0.0,0.0,0.0,1.0,nan,nan,0.0,0.003316430374979973
167,51,False,False,0.577274739742279,0.5787138342857361,1.252550721168518,1.6462898254394531,1.9428215026855469,0.10603441298007965,0.047272004187107086,0.0,0.0,0.0,0.0,1.0,nan,nan,0.0,0.004159723874181509
168,52,False,False,0.5727792978286743,0.5737156867980957,1.252550721168518,1.6462898254394531,1.9315320253372192,0.09995251148939133,0.03252318128943443,0.0,0.0,0.0,0.0,1.0,nan,nan,0.0,0.005095559637993574
169,53,False,False,0.5709357261657715,0.5711086392402649,1.252550721168518,1.6462898254394531,1.920724868774414,0.10214322805404663,0.03515850380063057,0.0,0.0,0.0,0.0,1.0,nan,nan,0.0,0.0072252824902534485
170,54,False,False,0.571274995803833,0.5710741281509399,1.252550721168518,1.6462898254394531,1.913955807685852,0.09121832996606827,0.08204812556505203,0.0,0.0,0.0,0.0,1.0,nan,nan,0.0,0.010732005350291729
171,55,False,False,0.5723938345909119,0.5720804929733276,1.252550721168518,1.6462898254394531,1.9057492017745972,0.08980373293161392,0.15074017643928528,0.0,0.0,0.0,0.0,1.0,nan,nan,0.0,0.01281178928911686
172,56,False,False,0.5734538435935974,0.5732279419898987,1.252550721168518,1.6462898254394531,1.8944220542907715,0.08238931745290756,0.22591282427310944,0.0,0.0,0.0,0.0,1.0,nan,nan,0.0,0.013827726244926453
173,57,False,False,0.5738570094108582,0.5738343596458435,1.252550721168518,1.6462898254394531,1.8795610666275024,0.06583831459283829,0.2983071506023407,0.0,0.0,0.0,0.0,1.0,nan,nan,0.0,0.014212277717888355
174,58,False,False,0.573350191116333,0.573566198348999,1.252550721168518,1.6462898254394531,1.861338496208191,0.045617420226335526,0.3648739755153656,0.0,0.0,0.0,0.0,1.0,nan,nan,0.0,0.014369267039000988
175,59,False,False,0.5719223618507385,0.5723620653152466,1.252550721168518,1.6462898254394531,1.8402563333511353,0.0243361946195364,0.42487770318984985,0.0,0.0,0.0,0.0,1.0,nan,nan,0.0,0.014488549903035164
176,60,False,False,0.5697146058082581,0.5703299641609192,1.252550721168518,1.6462898254394531,1.8168684244155884,0.00180405518040061,0.47781020402908325,0.0,0.0,0.0,0.0,1.0,nan,nan,0.0,0.014630317687988281
177,61,False,False,0.5669713020324707,0.567699134349823,1.252550721168518,1.6462898254394531,1.791622519493103,-0.02166077308356762,0.5232123732566833,0.0,0.0,0.0,0.0,1.0,nan,nan,0.0,0.014875123277306557
178,62,False,False,0.5639404654502869,0.5647196173667908,1.252550721168518,1.6462898254394531,1.7647160291671753,-0.04515058547258377,0.5617862939834595,0.0,0.0,0.0,0.0,1.0,nan,nan,0.0,0.01531577855348587
179,63,False,False,0.5608199238777161,0.5615977048873901,1.252550721168518,1.6462898254394531,1.7360349893569946,-0.06754527240991592,0.5952723622322083,0.0,0.0,0.0,0.0,1.0,nan,nan,0.0,0.016016868874430656
180,64,False,False,0.557788610458374,0.5585328340530396,1.252550721168518,1.6462898254394531,1.7049064636230469,-0.09224458038806915,0.6261622309684753,0.0,0.0,0.0,0.0,1.0,nan,nan,0.0,0.01703813299536705
181,65,False,False,0.5548896789550781,0.5555981993675232,1.252550721168518,1.6462898254394531,1.670257568359375,-0.11822707206010818,0.6579511165618896,0.0,0.0,0.0,0.0,1.0,nan,nan,0.0,0.01841813139617443
182,66,False,False,0.5522796511650085,0.5529024004936218,1.252550721168518,1.6462898254394531,1.6279380321502686,-0.1409756988286972,0.7061617970466614,0.0,0.0,0.0,0.0,1.0,nan,nan,0.0,0.020434165373444557
183,67,False,False,0.5496795773506165,0.5504156947135925,1.252550721168518,1.6462898254394531,1.5744941234588623,-0.14956076443195343,0.7796494364738464,0.0,0.0,0.0,0.0,1.0,nan,nan,0.0,0.022498389706015587
184,68,False,False,0.5451427102088928,0.5465343594551086,1.252550721168518,1.6462898254394531,1.5129497051239014,-0.1420431286096573,0.8605984449386597,0.0,0.0,0.0,0.0,1.0,nan,nan,0.0,0.023233922198414803
185,69,False,False,0.5376424789428711,0.539824366569519,1.252550721168518,1.6462898254394531,1.4467772245407104,-0.1341269314289093,0.9338676929473877,0.0,0.0,0.0,0.0,1.0,nan,nan,0.0,0.02291160449385643
186,70,False,False,0.5266950130462646,0.5297996997833252,1.252550721168518,1.6462898254394531,1.3780125379562378,-0.1287495195865631,0.9966892600059509,0.0,0.0,0.0,0.0,1.0,nan,nan,0.0,0.02247311733663082
187,71,False,False,0.5117425322532654,0.515864908695221,1.252550721168518,1.6462898254394531,1.307800054550171,-0.120838962495327,1.0504926443099976,0.0,0.0,0.0,0.0,1.0,nan,nan,0.0,0.02199871465563774
188,0,True,False,0.6298123002052307,0.4979732930660248,-1.9769561290740967,-0.6086979508399963,1.9896979331970215,-0.00035526801366358995,-0.45265451073646545,0.0,0.0,0.0,0.0,1.0,nan,nan,1.0,0.021656550467014313
189,1,False,False,0.6242286562919617,0.626094400882721,2.0232303142547607,-0.42985907196998596,1.9987432956695557,0.013942394405603409,-0.42238616943359375,0.0,0.0,0.0,0.0,1.0,nan,nan,0.0,0.06640950590372086
190,2,False,False,0.6144282817840576,0.6171618700027466,2.0232303142547607,-0.42985907196998596,2.0128984451293945,0.06342930346727371,-0.36574044823646545,0.0,0.0,0.0,0.0,1.0,nan,nan,0.0,0.06382053345441818
191,3,False,False,0.6021274924278259,0.605364978313446,2.0232303142547607,-0.42985907196998596,2.013507604598999,0.1285552829504013,-0.3426039516925812,0.0,0.0,0.0,0.0,1.0,nan,nan,0.0,0.05314447358250618
192,4,False,False,0.5885729193687439,0.5920158624649048,2.0232303142547607,-0.42985907196998596,2.0010178089141846,0.18758685886859894,-0.35770756006240845,0.0,0.0,0.0,0.0,1.0,nan,nan,0.0,0.04300347715616226
193,5,False,False,0.574791669845581,0.5781987905502319,2.0232303142547607,-0.42985907196998596,1.9805552959442139,0.22727854549884796,-0.39983513951301575,0.0,0.0,0.0,0.0,1.0,nan,nan,0.0,0.031229618936777115
194,6,False,False,0.5617642402648926,0.5649305582046509,2.0232303142547607,-0.42985907196998596,1.9588311910629272,0.23894092440605164,-0.45198124647140503,0.0,0.0,0.0,0.0,1.0,nan,nan,0.0,0.02278929390013218
195,7,False,False,0.5499824285507202,0.5527439117431641,2.0232303142547607,-0.42985907196998596,1.9375216960906982,0.21894672513008118,-0.5100215077400208,0.0,0.0,0.0,0.0,1.0,nan,nan,0.0,0.014736461453139782
196,8,False,False,0.5405319333076477,0.5426532626152039,2.0232303142547607,-0.42985907196998596,1.9151381254196167,0.19429267942905426,-0.5680506229400635,0.0,0.0,0.0,0.0,1.0,nan,nan,0.0,0.010234109126031399
197,9,False,False,0.5339975953102112,0.5353332757949829,2.0232303142547607,-0.42985907196998596,1.8929917812347412,0.191165491938591,-0.617302656173706,0.0,0.0,0.0,0.0,1.0,nan,nan,0.0,0.011421258561313152
198,10,False,False,0.530899167060852,0.5313271284103394,2.0232303142547607,-0.42985907196998596,1.8747395277023315,0.20093169808387756,-0.6538514494895935,0.0,0.0,0.0,0.0,1.0,nan,nan,0.0,0.010313957929611206
199,11,False,False,0.5315361022949219,0.5310197472572327,2.0232303142547607,-0.42985907196998596,1.8617346286773682,0.1991266906261444,-0.6821045875549316,0.0,0.0,0.0,0.0,1.0,nan,nan,0.0,0.008955520577728748
200,12,False,False,0.5359963774681091,0.53452068567276,2.0232303142547607,-0.42985907196998596,1.8531752824783325,0.20847533643245697,-0.6993778944015503,0.0,0.0,0.0,0.0,1.0,nan,nan,0.0,0.008058815263211727
201,13,False,False,0.5445825457572937,0.5420637726783752,2.0232303142547607,-0.42985907196998596,1.8497878313064575,0.19823461771011353,-0.711914598941803,0.0,0.0,0.0,0.0,1.0,nan,nan,0.0,0.006612921599298716
202,14,False,False,0.5560817122459412,0.5530192255973816,2.0232303142547607,-0.42985907196998596,1.8597822189331055,0.1794290393590927,-0.7002782225608826,0.0,0.0,0.0,0.0,1.0,nan,nan,0.0,0.00667668366804719
203,15,False,False,0.5686849355697632,0.5655015707015991,2.0232303142547607,-0.42985907196998596,1.8906161785125732,0.1778542697429657,-0.6402997374534607,0.0,0.0,0.0,0.0,1.0,nan,nan,0.0,0.010168618522584438
204,16,False,False,0.5813314318656921,0.578218936920166,2.0232303142547607,-0.42985907196998596,1.932457447052002,0.19639354944229126,-0.5413495302200317,0.0,0.0,0.0,0.0,1.0,nan,nan,0.0,0.014326083473861217
205,17,False,False,0.5927475690841675,0.5900651812553406,2.0232303142547607,-0.42985907196998596,1.9742443561553955,0.2070332169532776,-0.42492613196372986,0.0,0.0,0.0,0.0,1.0,nan,nan,0.0,0.015511882491409779
206,18,False,False,0.6019203066825867,0.599869430065155,2.0232303142547607,-0.42985907196998596,2.004711151123047,0.21414326131343842,-0.3213292360305786,0.0,0.0,0.0,0.0,1.0,nan,nan,0.0,0.01316667627543211
207,19,False,False,0.6083136200904846,0.606988787651062,2.0232303142547607,-0.42985907196998596,2.0221619606018066,0.22373449802398682,-0.24711209535598755,0.0,0.0,0.0,0.0,1.0,nan,nan,0.0,0.009245489723980427
208,20,False,False,0.6117916703224182,0.6111915111541748,2.0232303142547607,-0.42985907196998596,2.029160261154175,0.23480284214019775,-0.20818671584129333,0.0,0.0,0.0,0.0,1.0,nan,nan,0.0,0.005052146501839161
209,21,False,False,0.6125433444976807,0.6125956177711487,2.0232303142547607,-0.42985907196998596,2.0284018516540527,0.24822476506233215,-0.20144572854042053,0.0,0.0,0.0,0.0,1.0,nan,nan,0.0,0.0015168528771027923
210,22,False,False,0.6110120415687561,0.6115896105766296,2.0232303142547607,-0.42985907196998596,2.021977424621582,0.26411575078964233,-0.21815210580825806,0.0,0.0,0.0,0.0,1.0,nan,nan,0.0,-0.002381056547164917
211,23,False,False,0.6077236533164978,0.6086915135383606,2.0232303142547607,-0.42985907196998596,2.0119481086730957,0.2801094949245453,-0.247506245970726,0.0,0.0,0.0,0.0,1.0,nan,nan,0.0,-0.005788728594779968
212,24,False,False,0.6032060384750366,0.6044355034828186,2.0232303142547607,-0.42985907196998596,1.9998462200164795,0.29612675309181213,-0.28064021468162537,0.0,0.0,0.0,0.0,1.0,nan,nan,0.0,-0.0066246092319488525
213,25,False,False,0.5980091691017151,0.5993365049362183,2.0232303142547607,-0.42985907196998596,1.9871846437454224,0.31168612837791443,-0.3111872971057892,0.0,0.0,0.0,0.0,1.0,nan,nan,0.0,-0.005543455481529236
214,26,False,False,0.5926606059074402,0.5939773917198181,2.0232303142547607,-0.42985907196998596,1.977732539176941,0.3143700957298279,-0.3336981534957886,0.0,0.0,0.0,0.0,1.0,nan,nan,0.0,-0.0029785186052322388
215,27,False,False,0.5878032445907593,0.5890021324157715,2.0232303142547607,-0.42985907196998596,1.9718115329742432,0.318153440952301,-0.34135887026786804,0.0,0.0,0.0,0.0,1.0,nan,nan,0.0,0.0003904652257915586
216,28,False,False,0.5831161737442017,0.5842825770378113,2.0232303142547607,-0.42985907196998596,1.9736675024032593,0.3113485276699066,-0.32681596279144287,0.0,0.0,0.0,0.0,1.0,nan,nan,0.0,0.0019138677744194865
217,29,False,False,0.5780823826789856,0.5793895721435547,2.0232303142547607,-0.42985907196998596,1.9798526763916016,0.29478156566619873,-0.30007851123809814,0.0,0.0,0.0,0.0,1.0,nan,nan,0.0,0.00273600360378623
218,30,False,False,0.5724254846572876,0.5738961100578308,2.0232303142547607,-0.42985907196998596,1.9861472845077515,0.2788768410682678,-0.2688438296318054,0.0,0.0,0.0,0.0,1.0,nan,nan,0.0,0.003017225069925189
219,31,False,False,0.5663216710090637,0.5678933262825012,2.0232303142547607,-0.42985907196998596,1.9926259517669678,0.2545730471611023,-0.2377132922410965,0.0,0.0,0.0,0.0,1.0,nan,nan,0.0,0.0029138370882719755
220,32,False,False,0.5594978928565979,0.5613110065460205,2.0232303142547607,-0.42985907196998596,1.9962224960327148,0.2304338812828064,-0.21512141823768616,0.0,0.0,0.0,0.0,1.0,nan,nan,0.0,0.0023288389202207327
221,33,False,False,0.5520268082618713,0.5539528727531433,2.0232303142547607,-0.42985907196998596,1.9996778964996338,0.18614411354064941,-0.19895504415035248,0.0,0.0,0.0,0.0,1.0,nan,nan,0.0,0.001932154642418027
222,34,False,False,0.544581949710846,0.5464396476745605,2.0232303142547607,-0.42985907196998596,2.0005581378936768,0.15000824630260468,-0.18687334656715393,0.0,0.0,0.0,0.0,1.0,nan,nan,0.0,0.001802571932785213
223,35,False,False,0.5380770564079285,0.5395740270614624,2.0232303142547607,-0.42985907196998596,1.9994505643844604,0.11007063090801239,-0.18274618685245514,0.0,0.0,0.0,0.0,1.0,nan,nan,0.0,0.0016495632007718086
224,36,False,False,0.532720148563385,0.5338756442070007,2.0232303142547607,-0.42985907196998596,1.9965487718582153,0.06856051087379456,-0.18421570956707,0.0,0.0,0.0,0.0,1.0,nan,nan,0.0,0.0016827237559482455
225,37,False,False,0.5293708443641663,0.5300031304359436,2.0232303142547607,-0.42985907196998596,1.9914366006851196,0.03217744082212448,-0.19230572879314423,0.0,0.0,0.0,0.0,1.0,nan,nan,0.0,0.001666847849264741
226,38,False,False,0.5285840034484863,0.5285507440567017,2.0232303142547607,-0.42985907196998596,1.9842427968978882,0.006547363940626383,-0.20690926909446716,0.0,0.0,0.0,0.0,1.0,nan,nan,0.0,0.0017959034303203225
227,39,False,False,0.5299225449562073,0.5293540358543396,2.0232303142547607,-0.42985907196998596,1.9763354063034058,-0.030025118961930275,-0.22133700549602509,0.0,0.0,0.0,0.0,1.0,nan,nan,0.0,0.002431222703307867
228,40,False,False,0.5329842567443848,0.53212571144104,2.0232303142547607,-0.42985907196998596,1.9704785346984863,-0.0669337660074234,-0.22208498418331146,0.0,0.0,0.0,0.0,1.0,nan,nan,0.0,0.0038128362502902746
229,41,False,False,0.53666752576828,0.5357338190078735,2.0232303142547607,-0.42985907196998596,1.9721097946166992,-0.09141083806753159,-0.18587137758731842,0.0,0.0,0.0,0.0,1.0,nan,nan,0.0,0.006364528089761734
230,42,False,False,0.5401915907859802,0.5393579006195068,2.0232303142547607,-0.42985907196998596,1.9777549505233765,-0.10681075602769852,-0.12199316173791885,0.0,0.0,0.0,0.0,1.0,nan,nan,0.0,0.00829035323113203
231,43,False,False,0.5427377223968506,0.5422214269638062,2.0232303142547607,-0.42985907196998596,1.9813053607940674,-0.11005213856697083,-0.05699799954891205,0.0,0.0,0.0,0.0,1.0,nan,nan,0.0,0.008743706159293652
232,44,False,False,0.543965220451355,0.5437846183776855,2.0232303142547607,-0.42985907196998596,1.9815161228179932,-0.10322701185941696,-0.0005313385627232492,0.0,0.0,0.0,0.0,1.0,nan,nan,0.0,0.008574961684644222
233,45,False,False,0.5440213680267334,0.544085681438446,2.0232303142547607,-0.42985907196998596,1.9782735109329224,-0.10205965489149094,0.045221514999866486,0.0,0.0,0.0,0.0,1.0,nan,nan,0.0,0.008134587667882442
234,46,False,False,0.5431559681892395,0.5434301495552063,2.0232303142547607,-0.42985907196998596,1.972726821899414,-0.10153093189001083,0.0802733302116394,0.0,0.0,0.0,0.0,1.0,nan,nan,0.0,0.007651847787201405
235,47,False,False,0.5415533185005188,0.5420204997062683,2.0232303142547607,-0.42985907196998596,1.965481162071228,-0.09946312010288239,0.10404109954833984,0.0,0.0,0.0,0.0,1.0,nan,nan,0.0,0.007190195377916098
236,48,False,False,0.5396950840950012,0.5401424169540405,2.0232303142547607,-0.42985907196998596,1.9572943449020386,-0.08903443068265915,0.11864063888788223,0.0,0.0,0.0,0.0,1.0,nan,nan,0.0,0.006952716503292322
237,49,False,False,0.538089394569397,0.5384151339530945,2.0232303142547607,-0.42985907196998596,1.948363184928894,-0.06868429481983185,0.12584467232227325,0.0,0.0,0.0,0.0,1.0,nan,nan,0.0,0.006971538998186588
238,50,False,False,0.5372457504272461,0.537381649017334,2.0232303142547607,-0.42985907196998596,1.9384586811065674,-0.04636166989803314,0.1313287317752838,0.0,0.0,0.0,0.0,1.0,nan,nan,0.0,0.007462455425411463
239,51,False,False,0.5377484560012817,0.537449300289154,2.0232303142547607,-0.42985907196998596,1.927022099494934,-0.030760081484913826,0.13218747079372406,0.0,0.0,0.0,0.0,1.0,nan,nan,0.0,0.00804470106959343
240,52,False,False,0.5403282642364502,0.5393213033676147,2.0232303142547607,-0.42985907196998596,1.9140236377716064,-0.0021771679166704416,0.12734387814998627,0.0,0.0,0.0,0.0,1.0,nan,nan,0.0,0.008961728774011135
241,53,False,False,0.5462936162948608,0.5446241497993469,2.0232303142547607,-0.42985907196998596,1.9004628658294678,0.039694178849458694,0.14326836168766022,0.0,0.0,0.0,0.0,1.0,nan,nan,0.0,0.011610050685703754
242,54,False,False,0.5530608296394348,0.5512903928756714,2.0232303142547607,-0.42985907196998596,1.8875799179077148,0.03206503391265869,0.2062593400478363,0.0,0.0,0.0,0.0,1.0,nan,nan,0.0,0.014980226755142212
243,55,False,False,0.5601251721382141,0.5583796501159668,2.0232303142547607,-0.42985907196998596,1.8702821731567383,0.035406045615673065,0.3081969618797302,0.0,0.0,0.0,0.0,1.0,nan,nan,0.0,0.01729842834174633
244,56,False,False,0.5667576789855957,0.5652010440826416,2.0232303142547607,-0.42985907196998596,1.8457872867584229,0.0501677580177784,0.41231492161750793,0.0,0.0,0.0,0.0,1.0,nan,nan,0.0,0.017771868035197258
245,57,False,False,0.5717124342918396,0.5706992745399475,2.0232303142547607,-0.42985907196998596,1.8171217441558838,0.05662665516138077,0.4974071681499481,0.0,0.0,0.0,0.0,1.0,nan,nan,0.0,0.017117280513048172
246,58,False,False,0.5739368796348572,0.5736731290817261,2.0232303142547607,-0.42985907196998596,1.7875884771347046,0.0514182411134243,0.5607315301895142,0.0,0.0,0.0,0.0,1.0,nan,nan,0.0,0.016116106882691383
247,59,False,False,0.5728352069854736,0.5734573602676392,2.0232303142547607,-0.42985907196998596,1.7581299543380737,0.03818267956376076,0.6084733009338379,0.0,0.0,0.0,0.0,1.0,nan,nan,0.0,0.015246010385453701
248,60,False,False,0.5680199861526489,0.5695730447769165,2.0232303142547607,-0.42985907196998596,1.7282593250274658,0.021514195948839188,0.6473989486694336,0.0,0.0,0.0,0.0,1.0,nan,nan,0.0,0.014616268686950207
249,61,False,False,0.5598941445350647,0.5622100830078125,2.0232303142547607,-0.42985907196998596,1.697435975074768,-0.0009992377599701285,0.6812572479248047,0.0,0.0,0.0,0.0,1.0,nan,nan,0.0,0.014282315038144588
250,62,False,False,0.5489037036895752,0.5518659353256226,2.0232303142547607,-0.42985907196998596,1.664236307144165,-0.023262178525328636,0.7149298787117004,0.0,0.0,0.0,0.0,1.0,nan,nan,0.0,0.01437255460768938
251,63,False,False,0.5356661677360535,0.5391616821289062,2.0232303142547607,-0.42985907196998596,1.6288046836853027,-0.04441137984395027,0.7464795112609863,0.0,0.0,0.0,0.0,1.0,nan,nan,0.0,0.014818081632256508
252,64,False,False,0.5206847786903381,0.5245426297187805,2.0232303142547607,-0.42985907196998596,1.590659260749817,-0.06941508501768112,0.7761614918708801,0.0,0.0,0.0,0.0,1.0,nan,nan,0.0,0.015574288554489613
253,0,True,False,0.6296656131744385,0.5085951685905457,2.0469322204589844,-0.29629090428352356,1.9906351566314697,-0.00020527585002128035,-0.4488464891910553,0.0,0.0,0.0,0.0,1.0,nan,nan,1.0,0.0167558453977108
254,1,False,False,0.6239262223243713,0.6258606910705566,0.2917473018169403,-2.0475845336914062,2.0000386238098145,0.003590388223528862,-0.41799139976501465,0.0,0.0,0.0,0.0,1.0,nan,nan,0.0,0.07046667486429214
255,2,False,False,0.6139951348304749,0.6167600154876709,0.2917473018169403,-2.0475845336914062,2.0146169662475586,0.050268132239580154,-0.36012157797813416,0.0,0.0,0.0,0.0,1.0,nan,nan,0.0,0.06255711615085602
256,3,False,False,0.6016995310783386,0.6049009561538696,0.2917473018169403,-2.0475845336914062,2.014761447906494,0.11625240743160248,-0.33886459469795227,0.0,0.0,0.0,0.0,1.0,nan,nan,0.0,0.049045443534851074
257,4,False,False,0.588365375995636,0.5917494893074036,0.2917473018169403,-2.0475845336914062,2.0010859966278076,0.1745661497116089,-0.3604087829589844,0.0,0.0,0.0,0.0,1.0,nan,nan,0.0,0.032373517751693726
258,5,False,False,0.5748034119606018,0.5781627297401428,0.2917473018169403,-2.0475845336914062,1.9795392751693726,0.21212707459926605,-0.4091312289237976,0.0,0.0,0.0,0.0,1.0,nan,nan,0.0,0.02336644008755684
259,6,False,False,0.5618977546691895,0.5650299787521362,0.2917473018169403,-2.0475845336914062,1.9565143585205078,0.2099074423313141,-0.46945053339004517,0.0,0.0,0.0,0.0,1.0,nan,nan,0.0,0.01689968816936016
260,7,False,False,0.5504032969474792,0.553097128868103,0.2917473018169403,-2.0475845336914062,1.9321385622024536,0.18853618204593658,-0.5336707830429077,0.0,0.0,0.0,0.0,1.0,nan,nan,0.0,0.008590305224061012
261,8,False,False,0.5412190556526184,0.5432652831077576,0.2917473018169403,-2.0475845336914062,1.9067020416259766,0.18404527008533478,-0.5916836857795715,0.0,0.0,0.0,0.0,1.0,nan,nan,0.0,0.005689966958016157
262,9,False,False,0.535057008266449,0.5362923741340637,0.2917473018169403,-2.0475845336914062,1.8839292526245117,0.18652094900608063,-0.6394398808479309,0.0,0.0,0.0,0.0,1.0,nan,nan,0.0,0.003730164607986808
263,10,False,False,0.5324587225914001,0.5327666997909546,0.2917473018169403,-2.0475845336914062,1.8651469945907593,0.1906549632549286,-0.677297055721283,0.0,0.0,0.0,0.0,1.0,nan,nan,0.0,0.005353711545467377
264,11,False,False,0.5337185263633728,0.533045768737793,0.2917473018169403,-2.0475845336914062,1.8511954545974731,0.1922541856765747,-0.7058823108673096,0.0,0.0,0.0,0.0,1.0,nan,nan,0.0,0.006589378695935011
265,12,False,False,0.5389675498008728,0.5372917652130127,0.2917473018169403,-2.0475845336914062,1.842661738395691,0.19024896621704102,-0.7252205014228821,0.0,0.0,0.0,0.0,1.0,nan,nan,0.0,0.006844270974397659
266,13,False,False,0.5482275485992432,0.5455594658851624,0.2917473018169403,-2.0475845336914062,1.8405910730361938,0.18381933867931366,-0.7340939044952393,0.0,0.0,0.0,0.0,1.0,nan,nan,0.0,0.007013885769993067
267,14,False,False,0.5601900219917297,0.5570282340049744,0.2917473018169403,-2.0475845336914062,1.8544772863388062,0.17722517251968384,-0.7127798795700073,0.0,0.0,0.0,0.0,1.0,nan,nan,0.0,0.008097011595964432
268,15,False,False,0.5730672478675842,0.569837212562561,0.2917473018169403,-2.0475845336914062,1.8899717330932617,0.18272821605205536,-0.6423781514167786,0.0,0.0,0.0,0.0,1.0,nan,nan,0.0,0.01160500105470419
269,16,False,False,0.5856606364250183,0.5826119184494019,0.2917473018169403,-2.0475845336914062,1.934322476387024,0.20565953850746155,-0.5360592007637024,0.0,0.0,0.0,0.0,1.0,nan,nan,0.0,0.015315820463001728
270,17,False,False,0.5965369343757629,0.5940312743186951,0.2917473018169403,-2.0475845336914062,1.9760892391204834,0.21940991282463074,-0.4170945882797241,0.0,0.0,0.0,0.0,1.0,nan,nan,0.0,0.015857074409723282
271,18,False,False,0.6047738790512085,0.6029884219169617,0.2917473018169403,-2.0475845336914062,2.0054492950439453,0.22922854125499725,-0.3142101466655731,0.0,0.0,0.0,0.0,1.0,nan,nan,0.0,0.01299366820603609
272,19,False,False,0.6099660992622375,0.6089579463005066,0.2917473018169403,-2.0475845336914062,2.0213637351989746,0.24035148322582245,-0.24381332099437714,0.0,0.0,0.0,0.0,1.0,nan,nan,0.0,0.008631466887891293
273,20,False,False,0.6121278405189514,0.6118624210357666,0.2917473018169403,-2.0475845336914062,2.0266222953796387,0.2526738941669464,-0.21102774143218994,0.0,0.0,0.0,0.0,1.0,nan,nan,0.0,0.004171315114945173
274,21,False,False,0.6115533113479614,0.6119333505630493,0.2917473018169403,-2.0475845336914062,2.02401065826416,0.2666686177253723,-0.2116021066904068,0.0,0.0,0.0,0.0,1.0,nan,nan,0.0,0.0005527808098122478
275,22,False,False,0.608717679977417,0.6096183657646179,0.2917473018169403,-2.0475845336914062,2.0156922340393066,0.2819175720214844,-0.23557445406913757,0.0,0.0,0.0,0.0,1.0,nan,nan,0.0,-0.004868954420089722
276,23,False,False,0.6041688323020935,0.605445146560669,0.2917473018169403,-2.0475845336914062,2.003314971923828,0.29887092113494873,-0.2716408371925354,0.0,0.0,0.0,0.0,1.0,nan,nan,0.0,-0.007961392402648926
277,24,False,False,0.5984703302383423,0.5999863147735596,0.2917473018169403,-2.0475845336914062,1.9886139631271362,0.31692755222320557,-0.3104042410850525,0.0,0.0,0.0,0.0,1.0,nan,nan,0.0,-0.008300170302391052
278,25,False,False,0.5925229787826538,0.5939942598342896,0.2917473018169403,-2.0475845336914062,1.9729607105255127,0.3351050317287445,-0.34714481234550476,0.0,0.0,0.0,0.0,1.0,nan,nan,0.0,-0.007200762629508972
279,26,False,False,0.587759256362915,0.5887801647186279,0.2917473018169403,-2.0475845336914062,1.9575226306915283,0.34787294268608093,-0.3826950490474701,0.0,0.0,0.0,0.0,1.0,nan,nan,0.0,-0.006032511591911316
280,27,False,False,0.5843461751937866,0.5851718187332153,0.2917473018169403,-2.0475845336914062,1.9494024515151978,0.34467947483062744,-0.40213558077812195,0.0,0.0,0.0,0.0,1.0,nan,nan,0.0,-0.00131167471408844
281,28,False,False,0.5810418128967285,0.581885576248169,0.2917473018169403,-2.0475845336914062,1.9500118494033813,0.34374499320983887,-0.3915742337703705,0.0,0.0,0.0,0.0,1.0,nan,nan,0.0,0.0016269106417894363
282,29,False,False,0.576883852481842,0.5779937505722046,0.2917473018169403,-2.0475845336914062,1.956621527671814,0.3490995764732361,-0.3552761375904083,0.0,0.0,0.0,0.0,1.0,nan,nan,0.0,0.0032347235828638077
283,30,False,False,0.5720207095146179,0.5732873678207397,0.2917473018169403,-2.0475845336914062,1.9668710231781006,0.3421778082847595,-0.3090055584907532,0.0,0.0,0.0,0.0,1.0,nan,nan,0.0,0.0038060189690440893
284,31,False,False,0.5666038393974304,0.5679987072944641,0.2917473018169403,-2.0475845336914062,1.9777871370315552,0.31874212622642517,-0.2650606334209442,0.0,0.0,0.0,0.0,1.0,nan,nan,0.0,0.0035909905564039946
285,32,False,False,0.5604027509689331,0.5620099306106567,0.2917473018169403,-2.0475845336914062,1.985011100769043,0.2934175133705139,-0.23194728791713715,0.0,0.0,0.0,0.0,1.0,nan,nan,0.0,0.002884804969653487
286,33,False,False,0.5541480183601379,0.5555103421211243,0.2917473018169403,-2.0475845336914062,1.9896206855773926,0.2611182630062103,-0.21081480383872986,0.0,0.0,0.0,0.0,1.0,nan,nan,0.0,0.0022498115431517363
287,34,False,False,0.5497546792030334,0.5507025718688965,0.2917473018169403,-2.0475845336914062,1.991558313369751,0.20746538043022156,-0.21281281113624573,0.0,0.0,0.0,0.0,1.0,nan,nan,0.0,0.0009943480836227536
288,35,False,False,0.5471715927124023,0.5476483702659607,0.2917473018169403,-2.0475845336914062,1.976000189781189,0.22333650290966034,-0.2567904591560364,0.0,0.0,0.0,0.0,1.0,nan,nan,0.0,-0.0040464848279953
289,36,False,False,0.5460421442985535,0.5462390780448914,0.2917473018169403,-2.0475845336914062,1.959233283996582,0.21919654309749603,-0.3091958463191986,0.0,0.0,0.0,0.0,1.0,nan,nan,0.0,-0.0038935989141464233
290,37,False,False,0.5454423427581787,0.54555743932724,0.2917473018169403,-2.0475845336914062,1.9516602754592896,0.18539252877235413,-0.3336695432662964,0.0,0.0,0.0,0.0,1.0,nan,nan,0.0,0.0012339799432083964
291,38,False,False,0.545290470123291,0.5452833771705627,0.2917473018169403,-2.0475845336914062,1.9552744626998901,0.13359935581684113,-0.31835633516311646,0.0,0.0,0.0,0.0,1.0,nan,nan,0.0,0.004191413056105375
292,39,False,False,0.5469385981559753,0.5462594628334045,0.2917473018169403,-2.0475845336914062,1.9621591567993164,0.08496787399053574,-0.2824489176273346,0.0,0.0,0.0,0.0,1.0,nan,nan,0.0,0.006097904406487942
293,40,False,False,0.5499458909034729,0.5491185784339905,0.2917473018169403,-2.0475845336914062,1.9696662425994873,0.055675435811281204,-0.2325434684753418,0.0,0.0,0.0,0.0,1.0,nan,nan,0.0,0.007569126784801483
294,41,False,False,0.5534171462059021,0.5525650382041931,0.2917473018169403,-2.0475845336914062,1.9794477224349976,0.03842834383249283,-0.1593695431947708,0.0,0.0,0.0,0.0,1.0,nan,nan,0.0,0.00923836138099432
295,42,False,False,0.5565571784973145,0.5557913780212402,0.2917473018169403,-2.0475845336914062,1.9870936870574951,0.03257716819643974,-0.07766018807888031,0.0,0.0,0.0,0.0,1.0,nan,nan,0.0,0.009847098961472511
296,43,False,False,0.5597504377365112,0.558890163898468,0.2917473018169403,-2.0475845336914062,1.9906632900238037,0.03169337287545204,-0.00036339685902930796,0.0,0.0,0.0,0.0,1.0,nan,nan,0.0,0.009522120468318462
297,44,False,False,0.5630861520767212,0.562283992767334,0.2917473018169403,-2.0475845336914062,1.9894134998321533,0.03437865898013115,0.05405651032924652,0.0,0.0,0.0,0.0,1.0,nan,nan,0.0,0.008273066952824593
298,45,False,False,0.5654380917549133,0.5649620890617371,0.2917473018169403,-2.0475845336914062,1.984863042831421,0.023424100130796432,0.08130618929862976,0.0,0.0,0.0,0.0,1.0,nan,nan,0.0,0.006784907076507807
299,46,False,False,0.5665956735610962,0.5663999915122986,0.2917473018169403,-2.0475845336914062,1.9787991046905518,0.01293197087943554,0.0966196060180664,0.0,0.0,0.0,0.0,1.0,nan,nan,0.0,0.006046218331903219
300,47,False,False,0.5667499303817749,0.5667823553085327,0.2917473018169403,-2.0475845336914062,1.9720277786254883,0.006990872323513031,0.10903584212064743,0.0,0.0,0.0,0.0,1.0,nan,nan,0.0,0.005851754453033209
