frame,phase_fraction,phase_left_rad,phase_right_rad,source_count,reward,action_AAHead_yaw,action_Head_pitch,action_Left_Shoulder_Pitch,action_Left_Shoulder_Roll,action_Left_Elbow_Pitch,action_Left_Elbow_Yaw,action_Right_Shoulder_Pitch,action_Right_Shoulder_Roll,action_Right_Elbow_Pitch,action_Right_Elbow_Yaw,action_Waist,action_Left_Hip_Pitch,action_Left_Hip_Roll,action_Left_Hip_Yaw,action_Left_Knee_Pitch,action_Left_Ankle_Pitch,action_Left_Ankle_Roll,action_Right_Hip_Pitch,action_Right_Hip_Roll,action_Right_Hip_Yaw,action_Right_Knee_Pitch,action_Right_Ankle_Pitch,action_Right_Ankle_Roll,ctrl_AAHead_yaw,ctrl_Head_pitch,ctrl_Left_Shoulder_Pitch,ctrl_Left_Shoulder_Roll,ctrl_Left_Elbow_Pitch,ctrl_Left_Elbow_Yaw,ctrl_Right_Shoulder_Pitch,ctrl_Right_Shoulder_Roll,ctrl_Right_Elbow_Pitch,ctrl_Right_Elbow_Yaw,ctrl_Waist,ctrl_Left_Hip_Pitch,ctrl_Left_Hip_Roll,ctrl_Left_Hip_Yaw,ctrl_Left_Knee_Pitch,ctrl_Left_Ankle_Pitch,ctrl_Left_Ankle_Roll,ctrl_Right_Hip_Pitch,ctrl_Right_Hip_Roll,ctrl_Right_Hip_Yaw,ctrl_Right_Knee_Pitch,ctrl_Right_Ankle_Pitch,ctrl_Right_Ankle_Roll,joint_position_AAHead_yaw,joint_position_Head_pitch,joint_position_Left_Shoulder_Pitch,joint_position_Left_Shoulder_Roll,joint_position_Left_Elbow_Pitch,joint_position_Left_Elbow_Yaw,joint_position_Right_Shoulder_Pitch,joint_position_Right_Shoulder_Roll,joint_position_Right_Elbow_Pitch,joint_position_Right_Elbow_Yaw,joint_position_Waist,joint_position_Left_Hip_Pitch,joint_position_Left_Hip_Roll,joint_position_Left_Hip_Yaw,joint_position_Left_Knee_Pitch,joint_position_Left_Ankle_Pitch,joint_position_Left_Ankle_Roll,joint_position_Right_Hip_Pitch,joint_position_Right_Hip_Roll,joint_position_Right_Hip_Yaw,joint_position_Right_Knee_Pitch,joint_position_Right_Ankle_Pitch,joint_position_Right_Ankle_Roll,joint_velocity_AAHead_yaw,joint_velocity_Head_pitch,joint_velocity_Left_Shoulder_Pitch,joint_velocity_Left_Shoulder_Roll,joint_velocity_Left_Elbow_Pitch,joint_velocity_Left_Elbow_Yaw,joint_velocity_Right_Shoulder_Pitch,joint_velocity_Right_Shoulder_Roll,joint_velocity_Right_Elbow_Pitch,joint_velocity_Right_Elbow_Yaw,joint_velocity_Waist,joint_velocity_Left_Hip_Pitch,joint_velocity_Left_Hip_Roll,joint_velocity_Left_Hip_Yaw,joint_velocity_Left_Knee_Pitch,joint_velocity_Left_Ankle_Pitch,joint_velocity_Left_Ankle_Roll,joint_velocity_Right_Hip_Pitch,joint_velocity_Right_Hip_Roll,joint_velocity_Right_Hip_Yaw,joint_velocity_Right_Knee_Pitch,joint_velocity_Right_Ankle_Pitch,joint_velocity_Right_Ankle_Roll,fcp_residual_ctrl_Left_Hip_Pitch,fcp_residual_ctrl_Left_Hip_Roll,fcp_residual_ctrl_Left_Hip_Yaw,fcp_residual_ctrl_Left_Knee_Pitch,fcp_residual_ctrl_Left_Ankle_Pitch,fcp_residual_ctrl_Left_Ankle_Roll,fcp_residual_ctrl_Right_Hip_Pitch,fcp_residual_ctrl_Right_Hip_Roll,fcp_residual_ctrl_Right_Hip_Yaw,fcp_residual_ctrl_Right_Knee_Pitch,fcp_residual_ctrl_Right_Ankle_Pitch,fcp_residual_ctrl_Right_Ankle_Roll,fcp_residual_ctrl_Left_Shoulder_Pitch,fcp_residual_ctrl_Right_Shoulder_Pitch,fcp_residual_ctrl_Left_Shoulder_Roll,fcp_residual_ctrl_Right_Shoulder_Roll,root_position_x,root_position_y,root_position_z,root_linear_velocity_x,root_linear_velocity_y,root_linear_velocity_z,root_angular_velocity_x,root_angular_velocity_y,root_angular_velocity_z,imu_linear_velocity_x,imu_linear_velocity_y,imu_linear_velocity_z,imu_angular_velocity_x,imu_angular_velocity_y,imu_angular_velocity_z,goal_velocity_x,goal_velocity_y,goal_velocity_yaw,feet_contact_left_foot,feet_contact_right_foot,foot_world_left_foot_x,foot_world_left_foot_y,foot_world_left_foot_z,foot_trunk_left_foot_x,foot_trunk_left_foot_y,foot_trunk_left_foot_z,foot_world_right_foot_x,foot_world_right_foot_y,foot_world_right_foot_z,foot_trunk_right_foot_x,foot_trunk_right_foot_y,foot_trunk_right_foot_z
0,0.015625,-3.0434179306030273,0.0981745719909668,8,0.05372752621769905,-0.0690065324306488,-0.24732546508312225,-0.13659049570560455,0.5449731945991516,-0.0507994070649147,0.02103966474533081,-0.3983832001686096,-0.08817018568515778,-0.0380442775785923,-0.02098928764462471,-0.3804839551448822,-0.7946489453315735,0.7061840295791626,-0.1134573295712471,-0.9645407199859619,0.8782559633255005,-0.29311445355415344,0.36068275570869446,-0.5783860087394714,0.47565320134162903,-0.677914023399353,-0.37578412890434265,0.1296239197254181,-0.0345032662153244,-0.12366273254156113,-0.06829524785280228,-1.1275134086608887,-0.02539970353245735,-0.38948020339012146,-0.1991916000843048,1.355914831161499,-0.01902213878929615,0.3895053565502167,-0.1902419775724411,-0.7973244190216064,0.3530920147895813,-0.05672866478562355,0.3177296221256256,0.03912797197699547,-0.14655722677707672,-0.21965862810611725,-0.2891930043697357,0.23782660067081451,0.46104303002357483,-0.5878920555114746,0.06481195986270905,-0.037686314433813095,-0.11807357519865036,-0.05512300133705139,-1.1515275239944458,-0.02270960621535778,-0.37979674339294434,-0.18978244066238403,1.3783655166625977,-0.020212752744555473,0.38165152072906494,-0.19724322855472565,-0.6311793327331543,0.0669453889131546,-0.047486260533332825,0.8346824049949646,-0.20352435111999512,-0.09997959434986115,-0.3847299814224243,-0.14537063241004944,0.03525300323963165,0.8813628554344177,-0.4951010048389435,0.14876680076122284,0.03323430195450783,-0.19675597548484802,0.43661972880363464,-0.10266665369272232,-0.09497915953397751,-0.0010708208428695798,0.24299834668636322,-0.0904163047671318,0.10519051551818848,0.15460903942584991,-0.3152187168598175,0.23673926293849945,-0.18551933765411377,0.01980222389101982,-0.41630494594573975,0.39071011543273926,0.2220306545495987,0.26863813400268555,-0.38204219937324524,0.227298304438591,-1.0279512405395508,0.7054864764213562,0.3601136803627014,-0.7973244190216064,0.3530920147895813,-0.05672866478562355,0.3177296221256256,0.03912797197699547,-0.14655722677707672,-0.21965862810611725,-0.2891930043697357,0.23782660067081451,0.46104303002357483,-0.5878920555114746,0.06481195986270905,-0.06829524785280228,-0.1991916000843048,-1.1275134086608887,1.355914831161499,0.04754185304045677,0.020375654101371765,0.6221048831939697,0.005758645012974739,0.002876873826608062,-0.020662207156419754,0.11364860832691193,-0.027200955897569656,0.38070666790008545,0.010741829872131348,-0.0023128294851630926,-0.019241102039813995,0.11208032071590424,-0.030318384990096092,0.37726321816444397,0.0,0.0,0.5,1.0,0.75,-0.15947704017162323,0.0019174693152308464,0.012681347317993641,0.16730929911136627,0.1231950968503952,-0.6122123599052429,0.14460621774196625,0.12757888436317444,0.017288347706198692,-0.021041447296738625,-0.16323772072792053,-0.6023615002632141
1,0.046875,-2.8470683097839355,0.2945246696472168,8,0.05104590952396393,-0.04401550069451332,-0.2502269744873047,-0.12227854132652283,0.5422348976135254,-0.062347620725631714,0.028847409412264824,-0.4212976098060608,-0.08670279383659363,-0.012990041635930538,-0.013215849176049232,-0.3769034743309021,-0.8413169384002686,0.5629442930221558,-0.00664091482758522,-0.836032509803772,0.9400266408920288,-0.293495237827301,0.4879126250743866,-0.5536031723022461,0.4754164516925812,-0.8875566124916077,-0.3663603663444519,0.13752099871635437,-0.02200775034725666,-0.12511348724365234,-0.061139270663261414,-1.1288825273513794,-0.031173810362815857,-0.3855763077735901,-0.2106488049030304,1.356648564338684,-0.006495020817965269,0.39339208602905273,-0.18845173716545105,-0.8206585645675659,0.2814721465110779,-0.00332045741379261,0.38198375701904297,0.07001328468322754,-0.1467476189136505,-0.15604369342327118,-0.27680158615112305,0.2377082258462906,0.3562217056751251,-0.5831801891326904,0.06876049935817719,-0.029589183628559113,-0.12470448762178421,-0.04270445555448532,-1.157001256942749,-0.026674432680010796,-0.38017767667770386,-0.18144798278808594,1.3756649494171143,-0.010181363672018051,0.38482165336608887,-0.1975213587284088,-0.6310015916824341,0.05613422393798828,-0.05283854529261589,0.82815021276474,-0.19582238793373108,-0.09978947043418884,-0.3656693994998932,-0.16188515722751617,0.029609132558107376,0.8464583158493042,-0.4750857651233673,0.15437056124210358,0.29468363523483276,-0.10029011964797974,0.20831792056560516,-0.1725693643093109,-0.12580043077468872,0.029577571898698807,0.15353156626224518,-0.051377199590206146,0.29494714736938477,0.01420977059751749,0.13576076924800873,-0.07066430151462555,-0.3079415559768677,-0.1580822467803955,-0.06917241215705872,-0.19506162405014038,0.13225576281547546,0.4965575337409973,-0.3690503239631653,-0.3216826617717743,-0.5828462839126587,0.2662600874900818,-0.03409026563167572,-0.8206585645675659,0.2814721465110779,-0.00332045741379261,0.38198375701904297,0.07001328468322754,-0.1467476189136505,-0.15604369342327118,-0.27680158615112305,0.2377082258462906,0.3562217056751251,-0.5831801891326904,0.06876049935817719,-0.061139270663261414,-0.2106488049030304,-1.1288825273513794,1.356648564338684,0.04819002002477646,0.02052038162946701,0.6209807395935059,0.02147730626165867,0.002487676218152046,-0.029621092602610588,0.06845235079526901,-0.037280552089214325,0.39041805267333984,0.003544889623299241,-0.016927991062402725,-0.0265890434384346,0.07235914468765259,-0.032343100756406784,0.3894643485546112,0.0,0.0,0.5,1.0,1.0,-0.1604258120059967,0.0019475771114230156,0.011537243612110615,0.16881604492664337,0.11963813006877899,-0.6130966544151306,0.14572933316230774,0.13138656318187714,0.01142827421426773,-0.021373482421040535,-0.1675877720117569,-0.6064674258232117
2,0.078125,-2.650718927383423,0.4908738136291504,4,0.05113368481397629,-0.03940591588616371,-0.24902334809303284,-0.10036654770374298,0.5201738476753235,-0.06775006651878357,0.04462003707885742,-0.43304917216300964,-0.10042966902256012,-0.001591213047504425,-0.022478383034467697,-0.3756401240825653,-0.8409228324890137,0.4525105953216553,0.030163884162902832,-0.6719983220100403,0.9820913672447205,-0.28239381313323975,0.4948749244213104,-0.5971342325210571,0.49770593643188477,-1.0534508228302002,-0.3082774877548218,0.10029648244380951,-0.019702957943081856,-0.12451167404651642,-0.05018327385187149,-1.1399130821228027,-0.033875033259391785,-0.3776899576187134,-0.21652458608150482,1.3497850894927979,-0.0007956065237522125,0.3887608051300049,-0.18782006204128265,-0.8204614520072937,0.22625529766082764,0.015081942081451416,0.4640008807182312,0.09104569256305695,-0.14119690656661987,-0.15256255865097046,-0.29856711626052856,0.24885296821594238,0.27327460050582886,-0.5541387796401978,0.050148241221904755,-0.02145615592598915,-0.12573112547397614,-0.038361046463251114,-1.1644810438156128,-0.030997756868600845,-0.3771079182624817,-0.1796005219221115,1.373305082321167,-0.0016771270893514156,0.38277027010917664,-0.19086045026779175,-0.6380712985992432,0.04461568593978882,-0.061607617884874344,0.8324282765388489,-0.19350534677505493,-0.1017325222492218,-0.3493301570415497,-0.1751691699028015,0.017656508833169937,0.8287315368652344,-0.48025691509246826,0.15401682257652283,0.16402550041675568,-0.005960267037153244,0.09995752573013306,-0.3262248635292053,-0.12160947918891907,0.15611138939857483,-0.02617655321955681,-0.10773175209760666,0.21249398589134216,-0.12544508278369904,0.2964600920677185,-0.36258992552757263,-0.521687388420105,-0.4830244481563568,0.3240448832511902,0.035621125251054764,0.055920690298080444,0.7701446413993835,-0.5718556046485901,-0.4777337312698364,-0.8393172025680542,-1.530538558959961,0.16488853096961975,-0.8204614520072937,0.22625529766082764,0.015081942081451416,0.4640008807182312,0.09104569256305695,-0.14119690656661987,-0.15256255865097046,-0.29856711626052856,0.24885296821594238,0.27327460050582886,-0.5541387796401978,0.050148241221904755,-0.05018327385187149,-0.21652458608150482,-1.1399130821228027,1.3497850894927979,0.048755548894405365,0.020443912595510483,0.6201892495155334,0.014220615848898888,-0.006967619061470032,-0.02629081904888153,0.11594260483980179,-0.04520539194345474,0.3793603777885437,-0.001283818855881691,-0.008979442529380322,-0.026134897023439407,0.10323913395404816,-0.04624200984835625,0.38135141134262085,0.0,0.0,0.5,1.0,1.0,-0.16062571108341217,0.002009717747569084,0.011676386930048466,0.16964836418628693,0.11678355932235718,-0.6127036213874817,0.14598314464092255,0.13158421218395233,0.008688028901815414,-0.02390104904770851,-0.16898126900196075,-0.6080728769302368
3,0.109375,-2.454369306564331,0.6872234344482422,8,0.052153900265693665,-0.03627055883407593,-0.25462064146995544,-0.09093905985355377,0.5036755800247192,-0.059969544410705566,0.03945305198431015,-0.4192889928817749,-0.09757043421268463,-0.0023380760103464127,-0.03440253436565399,-0.35682666301727295,-0.8761261701583862,0.4129889905452728,0.06005671247839928,-0.6053014397621155,0.8436349630355835,-0.28158003091812134,0.47772830724716187,-0.5741772651672363,0.4152449369430542,-1.0572471618652344,-0.3139829635620117,0.04357142001390457,-0.018135279417037964,-0.12731032073497772,-0.045469529926776886,-1.1481622457504272,-0.029984772205352783,-0.3802734613418579,-0.20964449644088745,1.3512147665023804,-0.0011690380051732063,0.3827987313270569,-0.17841333150863647,-0.8380630612373352,0.2064944952726364,0.03002835623919964,0.49734926223754883,0.021817460656166077,-0.14079001545906067,-0.16113585233688354,-0.28708863258361816,0.2076224684715271,0.2713764011859894,-0.5569915175437927,0.021785710006952286,-0.019704358652234077,-0.12698717415332794,-0.03633776679635048,-1.174942970275879,-0.029608357697725296,-0.37439242005348206,-0.18154895305633545,1.3703463077545166,0.0010835675057023764,0.3783847689628601,-0.1840572953224182,-0.6513841152191162,0.031366776674985886,-0.07184827327728271,0.8459576964378357,-0.19210639595985413,-0.09458058327436447,-0.3369159698486328,-0.18189974129199982,0.01256488636136055,0.8139585852622986,-0.47080570459365845,0.15420424938201904,0.028615901246666908,-0.04402715712785721,0.07092823088169098,-0.37338370084762573,0.0978052020072937,0.034682538360357285,-0.07244393974542618,-0.10015559196472168,0.026651708409190178,-0.144129678606987,0.13289235532283783,-0.44138655066490173,-0.36438047885894775,-0.24681830406188965,0.46133309602737427,0.08125919848680496,0.07337427884340286,0.24743491411209106,-0.20133903622627258,-0.17104431986808777,-0.1875176876783371,-0.7675319314002991,-0.061932627111673355,-0.8380630612373352,0.2064944952726364,0.03002835623919964,0.49734926223754883,0.021817460656166077,-0.14079001545906067,-0.16113585233688354,-0.28708863258361816,0.2076224684715271,0.2713764011859894,-0.5569915175437927,0.021785710006952286,-0.045469529926776886,-0.20964449644088745,-1.1481622457504272,1.3512147665023804,0.049190834164619446,0.020123260095715523,0.6193405389785767,0.012337490916252136,-0.014597095549106598,-0.028076132759451866,0.06828855723142624,-0.012782485224306583,0.3863009214401245,-0.00959935411810875,-0.0022810865193605423,-0.02673906832933426,0.07151211053133011,-0.012804925441741943,0.38676223158836365,0.0,0.0,0.5,1.0,1.0,-0.1609088033437729,0.002173757180571556,0.012975024059414864,0.17097653448581696,0.11362995207309723,-0.6110647320747375,0.1458892673254013,0.13167431950569153,0.005878034979104996,-0.02550802007317543,-0.1704605519771576,-0.6095726490020752
4,0.140625,-2.2580199241638184,0.8835728168487549,4,0.05274153873324394,-0.038520049303770065,-0.26014444231987,-0.09043926000595093,0.5026712417602539,-0.04940777271986008,0.04228400066494942,-0.4249476194381714,-0.10358098149299622,-0.017394626513123512,-0.05194154754281044,-0.3529805541038513,-0.925174355506897,0.37046411633491516,0.04695744067430496,-0.6173322200775146,0.7623304724693298,-0.26717692613601685,0.44617873430252075,-0.5890675187110901,0.3871188759803772,-1.1390786170959473,-0.32359778881073,-0.025554940104484558,-0.019260024651885033,-0.130072221159935,-0.045219630002975464,-1.1486643552780151,-0.02470388635993004,-0.3788580000400543,-0.2124738097190857,1.3482095003128052,-0.008697313256561756,0.3740292489528656,-0.17649027705192566,-0.8625871539115906,0.18523205816745758,0.02347872033715248,0.4913339614868164,-0.018834784626960754,-0.13358846306800842,-0.1769106388092041,-0.29453375935554504,0.1935594379901886,0.23046067357063293,-0.5617989301681519,-0.012777470052242279,-0.019598649814724922,-0.12858247756958008,-0.03340085223317146,-1.1866776943206787,-0.025008993223309517,-0.3747909665107727,-0.18380773067474365,1.3676056861877441,-0.0013910625129938126,0.37250542640686035,-0.18200114369392395,-0.6625920534133911,0.023375052958726883,-0.07437966018915176,0.8569455146789551,-0.19095876812934875,-0.09071414172649384,-0.34089797735214233,-0.18936601281166077,0.0038877539336681366,0.8286181688308716,-0.48419517278671265,0.150457963347435,-0.007218681275844574,-0.04367772117257118,0.12996895611286163,-0.37340784072875977,0.17333529889583588,-0.020524855703115463,-0.07431081682443619,-0.08939899504184723,-0.17240652441978455,-0.23602350056171417,0.13284027576446533,-0.2686232328414917,-0.2528255879878998,0.0794835239648819,0.26051831245422363,-0.15228581428527832,0.32470202445983887,0.17475426197052002,-0.3791404366493225,-0.5016418099403381,0.12244367599487305,-0.8071610331535339,-0.38748693466186523,-0.8625871539115906,0.18523205816745758,0.02347872033715248,0.4913339614868164,-0.018834784626960754,-0.13358846306800842,-0.1769106388092041,-0.29453375935554504,0.1935594379901886,0.23046067357063293,-0.5617989301681519,-0.012777470052242279,-0.045219630002975464,-0.2124738097190857,-1.1486643552780151,1.3482095003128052,0.04940874129533768,0.019537335261702538,0.6187533736228943,0.0007205326110124588,-0.016602253541350365,-0.02738869935274124,0.0049028899520635605,-0.027245033532381058,0.37619930505752563,-0.005323749966919422,0.012724053114652634,-0.022039635106921196,0.026430075988173485,-0.019062014296650887,0.37647828459739685,0.0,0.0,0.5,1.0,1.0,-0.16074511408805847,0.0024423860013484955,0.01418740302324295,0.17260053753852844,0.11061903089284897,-0.6092649698257446,0.14605207741260529,0.1318824142217636,0.006856562569737434,-0.027105113491415977,-0.17127008736133575,-0.6078841090202332
5,0.171875,-2.0616703033447266,1.0799219608306885,8,0.052279308438301086,-0.03372320532798767,-0.2666255831718445,-0.09727084636688232,0.5145748853683472,-0.0543673001229763,0.02962898463010788,-0.44427090883255005,-0.09045213460922241,-0.02610652893781662,-0.04735792428255081,-0.3522149324417114,-0.8696221709251404,0.3860189914703369,0.007698513567447662,-0.6842644810676575,0.7763544321060181,-0.2562245726585388,0.4180183708667755,-0.5256533026695251,0.35507482290267944,-1.138857364654541,-0.289249986410141,-0.07545062899589539,-0.016861602663993835,-0.13331279158592224,-0.04863542318344116,-1.1427124738693237,-0.02718365006148815,-0.3851855397224426,-0.22213545441627502,1.3547738790512085,-0.01305326446890831,0.37632107734680176,-0.1761074662208557,-0.8348110914230347,0.19300949573516846,0.003849256783723831,0.45786774158477783,-0.01182277500629425,-0.1281122863292694,-0.19099082052707672,-0.2628266513347626,0.17753741145133972,0.23057131469249725,-0.5446249842643738,-0.03772531449794769,-0.017420334741473198,-0.13025254011154175,-0.031015977263450623,-1.194630742073059,-0.022549595683813095,-0.37599459290504456,-0.18627281486988068,1.3673228025436401,-0.006917580030858517,0.3676625192165375,-0.17834822833538055,-0.6682113409042358,0.016873283311724663,-0.08016660809516907,0.8609815835952759,-0.19077083468437195,-0.08884682506322861,-0.3415469825267792,-0.19115425646305084,-0.004400806501507759,0.8393487334251404,-0.488832026720047,0.1296255886554718,0.07680126279592514,-0.06699468940496445,0.046747371554374695,-0.21448835730552673,0.012711255811154842,-0.03354058414697647,-0.08529947698116302,0.023088723421096802,-0.16155318915843964,-0.11123264580965042,0.06860822439193726,-0.1313362866640091,-0.16955901682376862,-0.28433236479759216,0.04340064898133278,0.04341717064380646,0.024388913065195084,-0.28565436601638794,0.01239447295665741,-0.2083999067544937,0.8443463444709778,-0.6465261578559875,-0.5443800091743469,-0.8348110914230347,0.19300949573516846,0.003849256783723831,0.45786774158477783,-0.01182277500629425,-0.1281122863292694,-0.19099082052707672,-0.2628266513347626,0.17753741145133972,0.23057131469249725,-0.5446249842643738,-0.03772531449794769,-0.04863542318344116,-0.22213545441627502,-1.1427124738693237,1.3547738790512085,0.04938787221908569,0.019131608307361603,0.6182336807250977,-0.0023409961722791195,-0.014434276148676872,-0.004123112186789513,-0.13309119641780853,-0.014389941468834877,0.38642606139183044,-0.0016084234230220318,0.010295523330569267,-0.012892532162368298,-0.10946907103061676,-0.019209111109375954,0.3847883939743042,0.0,0.0,0.5,1.0,1.0,-0.16020339727401733,0.0028303805738687515,0.014360305853188038,0.17332300543785095,0.10893115401268005,-0.6081429123878479,0.14608465135097504,0.13218511641025543,0.007381280418485403,-0.029091760516166687,-0.17051121592521667,-0.6071180105209351
6,0.203125,-1.8653206825256348,1.2762720584869385,4,0.051484182476997375,-0.03733598813414574,-0.27458223700523376,-0.08875080943107605,0.5173614025115967,-0.07762608677148819,0.030676087364554405,-0.4480742812156677,-0.09561343491077423,-0.0374731719493866,-0.03919268772006035,-0.3560471534729004,-0.8116649389266968,0.4000895321369171,-0.012595996260643005,-0.8697880506515503,0.7944007515907288,-0.22705033421516418,0.3764697015285492,-0.45814865827560425,0.33251166343688965,-1.0900214910507202,-0.3168369233608246,-0.09321203082799911,-0.01866799406707287,-0.13729111850261688,-0.044375404715538025,-1.1413192749023438,-0.038813043385744095,-0.3846619725227356,-0.22403714060783386,1.3521932363510132,-0.0187365859746933,0.38040366768836975,-0.1780235767364502,-0.8058325052261353,0.20004476606845856,-0.006297998130321503,0.3651060163974762,-0.0027996376156806946,-0.11352516710758209,-0.21176517009735107,-0.22907432913780212,0.16625583171844482,0.25498926639556885,-0.5584185123443604,-0.04660601541399956,-0.016633089631795883,-0.13299696147441864,-0.030549772083759308,-1.1988921165466309,-0.026526715606451035,-0.37634599208831787,-0.18912608921527863,1.368910312652588,-0.011188268661499023,0.3666304647922516,-0.17709901928901672,-0.6697105765342712,0.012694786302745342,-0.091499924659729,0.8591800928115845,-0.18709731101989746,-0.08797667175531387,-0.3547211289405823,-0.18991467356681824,-0.011888857930898666,0.8746089935302734,-0.5061426162719727,0.120857372879982,-0.03789735585451126,-0.10841377079486847,-0.013230386190116405,-0.06600595265626907,-0.22945243120193481,0.004592308774590492,-0.09535979479551315,0.07916238903999329,-0.1307513564825058,0.038761112838983536,0.023694496601819992,0.011518464423716068,-0.09679141640663147,-0.41015321016311646,-0.15097923576831818,0.18856659531593323,0.01943739876151085,-0.5418033003807068,0.15831845998764038,-0.22867920994758606,1.339199185371399,-0.20483285188674927,-0.4981954097747803,-0.8058325052261353,0.20004476606845856,-0.006297998130321503,0.3651060163974762,-0.0027996376156806946,-0.11352516710758209,-0.21176517009735107,-0.22907432913780212,0.16625583171844482,0.25498926639556885,-0.5584185123443604,-0.04660601541399956,-0.044375404715538025,-0.22403714060783386,-1.1413192749023438,1.3521932363510132,0.04924318939447403,0.01871906965970993,0.6186341047286987,-0.005385855212807655,-0.01165501493960619,0.030418317764997482,-0.21564389765262604,-0.02297494001686573,0.3909975290298462,-0.000996454618871212,0.01619092747569084,0.025537095963954926,-0.20390839874744415,-0.01846405491232872,0.3891884386539459,0.0,0.0,0.5,1.0,1.0,-0.16026261448860168,0.002906467765569687,0.014453735202550888,0.17450107634067535,0.10941803455352783,-0.6075843572616577,0.14606869220733643,0.13241130113601685,0.01214931532740593,-0.03116566874086857,-0.16766361892223358,-0.6034677028656006
7,0.234375,-1.6689711809158325,1.472621202468872,8,0.04878919944167137,-0.04914870113134384,-0.2724093794822693,-0.050654858350753784,0.49436354637145996,-0.1086634173989296,0.03728748485445976,-0.43113934993743896,-0.11009393632411957,-0.05487263202667236,-0.039202187210321426,-0.38054025173187256,-0.7442677021026611,0.4625834822654724,-0.09389341622591019,-1.0932852029800415,0.8236292600631714,-0.18656259775161743,0.2538794279098511,-0.332408607006073,0.3717610239982605,-0.8338313698768616,-0.4009152054786682,-0.051609382033348083,-0.02457435056567192,-0.13620468974113464,-0.025327429175376892,-1.152818202972412,-0.0543317086994648,-0.38135626912117004,-0.21556967496871948,1.3449530601501465,-0.02743631601333618,0.3803989291191101,-0.19027012586593628,-0.7721338868141174,0.2312917411327362,-0.04694670811295509,0.2533573508262634,0.011814609169960022,-0.09328129887580872,-0.27306032180786133,-0.1662043035030365,0.18588051199913025,0.38308435678482056,-0.6004576683044434,-0.025804691016674042,-0.020387036725878716,-0.13539141416549683,-0.029967132955789566,-1.1990320682525635,-0.040954556316137314,-0.3772011995315552,-0.1919783055782318,1.370758295059204,-0.01835796795785427,0.3708697557449341,-0.1788070797920227,-0.6668648719787598,0.01156594231724739,-0.10122265666723251,0.8499319553375244,-0.1798180639743805,-0.0866779088973999,-0.3609122633934021,-0.17400531470775604,-0.0037759796250611544,0.8910995721817017,-0.5147090554237366,0.09619874507188797,-0.1641620248556137,-0.060421738773584366,0.05847758427262306,0.012174507603049278,-0.5317597389221191,-0.05556778982281685,-0.1020604595541954,0.03512528911232948,-0.273152232170105,0.176113098859787,-0.15025897324085236,0.12922227382659912,0.009490116499364376,-0.2242056429386139,-0.39323610067367554,0.2696474492549896,0.04028080031275749,-0.08381769061088562,0.704596757888794,0.556614339351654,0.2419569492340088,-0.740082323551178,-0.7240185737609863,-0.7721338868141174,0.2312917411327362,-0.04694670811295509,0.2533573508262634,0.011814609169960022,-0.09328129887580872,-0.27306032180786133,-0.1662043035030365,0.18588051199913025,0.38308435678482056,-0.6004576683044434,-0.025804691016674042,-0.025327429175376892,-0.21556967496871948,-1.152818202972412,1.3449530601501465,0.049301087856292725,0.018509870395064354,0.619959831237793,0.007107236888259649,-0.007324377074837685,0.051202405244112015,-0.14763225615024567,0.01109730638563633,0.3822917938232422,-0.008474374189972878,0.008375442586839199,0.04593353718519211,-0.1664525419473648,0.0034747878089547157,0.3858949542045593,0.0,0.0,0.5,1.0,1.0,-0.16042613983154297,0.0029988978058099747,0.014527390711009502,0.1759212464094162,0.11064101755619049,-0.6078177094459534,0.14394913613796234,0.1314167082309723,0.016235273331403732,-0.03184925764799118,-0.16217780113220215,-0.6016627550125122
8,0.265625,-1.4726215600967407,1.668971300125122,8,0.04895919933915138,-0.0752023383975029,-0.2473049759864807,-0.011488419026136398,0.44944149255752563,-0.11038755625486374,0.029344186186790466,-0.3747396469116211,-0.12031319737434387,-0.05674904212355614,-0.051771726459264755,-0.421186625957489,-0.6772668957710266,0.6864436864852905,-0.25772252678871155,-1.2514371871948242,0.6727861762046814,-0.193603515625,0.18464058637619019,-0.35653164982795715,0.4265890419483185,-0.47330331802368164,-0.4213859438896179,0.05365576967597008,-0.03760116919875145,-0.12365248799324036,-0.005744209513068199,-1.1752792596817017,-0.05519377812743187,-0.38532790541648865,-0.18736982345581055,1.3398433923721313,-0.02837452106177807,0.37411415576934814,-0.2105933129787445,-0.7386334538459778,0.34322184324264526,-0.12886126339435577,0.17428137362003326,-0.06360691785812378,-0.0968017578125,-0.307679682970047,-0.17826582491397858,0.21329452097415924,0.5633483529090881,-0.6106929779052734,0.02682788483798504,-0.031636565923690796,-0.13149359822273254,-0.023146098479628563,-1.200880527496338,-0.05282844603061676,-0.3817395269870758,-0.1942300945520401,1.3679159879684448,-0.025762686505913734,0.375683069229126,-0.1983417272567749,-0.6613012552261353,0.01711004041135311,-0.09606655687093735,0.8289797306060791,-0.16821818053722382,-0.08560886234045029,-0.3730897605419159,-0.13363225758075714,0.04262610524892807,0.8959636092185974,-0.5269284248352051,0.0841924324631691,-0.3332468569278717,0.2302783876657486,0.25907012820243835,-0.10188208520412445,-0.10503289848566055,-0.1320502758026123,0.0245241429656744,-0.1548301875591278,-0.07366862893104553,0.04393935203552246,-0.6586298942565918,0.14803265035152435,0.16021563112735748,0.33841845393180847,-0.6226267218589783,0.3266872763633728,0.03273769095540047,-0.5467594265937805,1.0840388536453247,1.377332091331482,0.19550086557865143,0.5029860734939575,0.21591389179229736,-0.7386334538459778,0.34322184324264526,-0.12886126339435577,0.17428137362003326,-0.06360691785812378,-0.0968017578125,-0.307679682970047,-0.17826582491397858,0.21329452097415924,0.5633483529090881,-0.6106929779052734,0.02682788483798504,-0.005744209513068199,-0.18736982345581055,-1.1752792596817017,1.3398433923721313,0.05023209750652313,0.017838796600699425,0.6221210956573486,0.03403215482831001,-0.02400682494044304,0.05241362005472183,0.10615220665931702,0.10349713265895844,0.37333589792251587,-0.038031820207834244,0.005984670948237181,0.05148017406463623,0.07402388751506805,0.10048415511846542,0.37411293387413025,0.0,0.0,0.5,1.0,0.875,-0.16070659458637238,0.0030957451090216637,0.01454443484544754,0.180525004863739,0.10867568850517273,-0.6086877584457397,0.1387251764535904,0.129410982131958,0.01786224916577339,-0.02770524099469185,-0.157446950674057,-0.6025787591934204
9,0.296875,-1.2762720584869385,1.8653204441070557,4,0.05092531815171242,-0.08499296009540558,-0.24236446619033813,-0.01275194063782692,0.457943856716156,-0.09677442163228989,0.012726886197924614,-0.3724682331085205,-0.12553617358207703,-0.04886898398399353,-0.04876963049173355,-0.42409420013427734,-0.7626099586486816,0.7693482041358948,-0.31158551573753357,-1.2584611177444458,0.5360764265060425,-0.2064085155725479,0.3150239884853363,-0.5225213766098022,0.5067229270935059,-0.6159735918045044,-0.48019900918006897,0.08822047710418701,-0.04249648004770279,-0.12118223309516907,-0.00637597031891346,-1.1710281372070312,-0.04838721081614494,-0.3936365842819214,-0.18623411655426025,1.3372318744659424,-0.024434491991996765,0.3756151795387268,-0.21204710006713867,-0.7813049554824829,0.3846741020679474,-0.15579275786876678,0.17076940834522247,-0.13196179270744324,-0.10320425778627396,-0.24248801171779633,-0.2612606883049011,0.25336146354675293,0.49201321601867676,-0.6400995254516602,0.044110238552093506,-0.04096914455294609,-0.12234634906053543,-0.012654283083975315,-1.204196810722351,-0.05163836106657982,-0.38630568981170654,-0.1893666535615921,1.3619358539581299,-0.02460932731628418,0.37528401613235474,-0.21603570878505707,-0.6560739278793335,0.0180242657661438,-0.08547405898571014,0.8094506859779358,-0.15782856941223145,-0.08383803814649582,-0.38509058952331543,-0.10979130119085312,0.07566570490598679,0.8915420174598694,-0.5087260603904724,0.10542358458042145,-0.21701520681381226,0.2896219491958618,0.41602227091789246,-0.10317659378051758,0.1528933048248291,-0.14592084288597107,0.27961668372154236,-0.2207295447587967,0.06472356617450714,-0.05305567383766174,-0.4342688322067261,0.18010948598384857,-0.13812300562858582,0.2933824360370636,-0.6393653154373169,0.36065611243247986,0.06280750036239624,-0.061091430485248566,0.4102505147457123,0.7209376692771912,-0.7889624834060669,0.5046839118003845,0.7519199252128601,-0.7813049554824829,0.3846741020679474,-0.15579275786876678,0.17076940834522247,-0.13196179270744324,-0.10320425778627396,-0.24248801171779633,-0.2612606883049011,0.25336146354675293,0.49201321601867676,-0.6400995254516602,0.044110238552093506,-0.00637597031891346,-0.18623411655426025,-1.1710281372070312,1.3372318744659424,0.05128658935427666,0.01711665652692318,0.6233904361724854,0.03362488001585007,-0.021731656044721603,0.029890118166804314,0.2300950288772583,0.018679838627576828,0.377301961183548,-0.03827810660004616,-4.250556230545044e-05,0.03290886804461479,0.21338200569152832,0.03703252226114273,0.37888303399086,0.0,0.0,0.5,1.0,0.75,-0.1609431803226471,0.0031118355691432953,0.014562983065843582,0.18470586836338043,0.10380659997463226,-0.6096035242080688,0.13294711709022522,0.1283012181520462,0.01760461926460266,-0.021729428321123123,-0.15700235962867737,-0.6035935282707214
10,0.328125,-1.0799224376678467,2.0616705417633057,8,0.04977666586637497,-0.06045638024806976,-0.2446635663509369,-0.02746342308819294,0.4617995023727417,-0.05988841503858566,0.021497633308172226,-0.3844034969806671,-0.1403556913137436,-0.024901296943426132,-0.05515759438276291,-0.3908076882362366,-0.9446012377738953,0.6664119958877563,-0.16463936865329742,-1.1165064573287964,0.5147527456283569,-0.23525378108024597,0.45667803287506104,-0.6314734816551208,0.4384344518184662,-0.9763438105583191,-0.6044974327087402,0.1375434249639511,-0.03022819012403488,-0.12233178317546844,-0.01373171154409647,-1.169100284576416,-0.02994420751929283,-0.3892512023448944,-0.19220174849033356,1.329822063446045,-0.012450648471713066,0.3724212050437927,-0.1954038441181183,-0.8723006248474121,0.3332059979438782,-0.08231968432664871,0.24174675345420837,-0.14262361824512482,-0.11762689054012299,-0.17166097462177277,-0.3157367408275604,0.2192172259092331,0.3118281364440918,-0.702248752117157,0.06877171248197556,-0.037686049938201904,-0.11897611618041992,-0.0004521925002336502,-1.2053555250167847,-0.03857596218585968,-0.3865370452404022,-0.17773891985416412,1.3553147315979004,-0.017764929682016373,0.3715483844280243,-0.21257123351097107,-0.6547643542289734,0.010386336594820023,-0.07574567943811417,0.8009118437767029,-0.1554846465587616,-0.07608131319284439,-0.36522459983825684,-0.12181763350963593,0.07187583297491074,0.8427851796150208,-0.4714428782463074,0.11965020000934601,0.21920084953308105,0.018070288002490997,0.3672911822795868,-0.004807573743164539,0.5252898931503296,0.06601309031248093,0.4063817858695984,-0.21374888718128204,0.3125526010990143,-0.16587835550308228,0.3560734689235687,-0.047590695321559906,-0.2219316065311432,0.42656102776527405,-0.05985952168703079,-0.10840282589197159,0.3330543041229248,0.8040878772735596,-0.7220636606216431,-0.6074269413948059,-1.6722391843795776,1.8709907531738281,0.11874575912952423,-0.8723006248474121,0.3332059979438782,-0.08231968432664871,0.24174675345420837,-0.14262361824512482,-0.11762689054012299,-0.17166097462177277,-0.3157367408275604,0.2192172259092331,0.3118281364440918,-0.702248752117157,0.06877171248197556,-0.01373171154409647,-0.19220174849033356,-1.169100284576416,1.329822063446045,0.05202599987387657,0.01682433672249317,0.6237495541572571,0.021730590611696243,-0.00394369475543499,0.0057578664273023605,0.20793665945529938,-0.0667148157954216,0.38162004947662354,-0.017771480605006218,-0.014155292883515358,0.005857408512383699,0.2191014289855957,-0.06407177448272705,0.3774518072605133,0.0,0.0,0.5,1.0,1.0,-0.16154883801937103,0.00191482063382864,0.01514233835041523,0.18611235916614532,0.09932315349578857,-0.6103230118751526,0.12892445921897888,0.12776444852352142,0.012316232547163963,-0.019447486847639084,-0.15910173952579498,-0.6084978580474854
11,0.359375,-0.883573055267334,2.2580196857452393,4,0.04884491115808487,-0.03798449784517288,-0.23372310400009155,-0.062479931861162186,0.47145748138427734,-0.040231455117464066,0.01729770563542843,-0.41178396344184875,-0.13987654447555542,0.002550598233938217,-0.04642460122704506,-0.36979132890701294,-1.0356603860855103,0.4712854325771332,-0.05180377513170242,-0.783382773399353,0.7049000859260559,-0.302060604095459,0.45505791902542114,-0.675133228302002,0.4539831280708313,-1.2369557619094849,-0.6779130697250366,0.18223363161087036,-0.01899224892258644,-0.11686155200004578,-0.031239965930581093,-1.1642711162567139,-0.020115727558732033,-0.3913511633872986,-0.20589198172092438,1.330061674118042,0.0012752991169691086,0.3767877221107483,-0.18489566445350647,-0.9178301692008972,0.2356427162885666,-0.02590188756585121,0.40830859541893005,-0.04754997044801712,-0.1510303020477295,-0.1724710613489151,-0.337566614151001,0.22699156403541565,0.18152214586734772,-0.7389565706253052,0.09111681580543518,-0.02777005359530449,-0.12026920169591904,0.006812714971601963,-1.2038781642913818,-0.022344784811139107,-0.38238322734832764,-0.1666562408208847,1.349621295928955,-0.004824558272957802,0.36610108613967896,-0.19264143705368042,-0.6626255512237549,0.006088641006499529,-0.059809885919094086,0.8112006783485413,-0.16614395380020142,-0.06174243986606598,-0.3326296806335449,-0.14771154522895813,0.04023262485861778,0.787194013595581,-0.4512998163700104,0.1226508766412735,0.3738342225551605,-0.044692471623420715,0.09232450276613235,0.09160440415143967,0.43151235580444336,0.15266269445419312,0.3145543336868286,-0.14425843954086304,0.45284706354141235,-0.14161436259746552,0.8176363110542297,-0.4345706105232239,-0.014243260025978088,0.6003865599632263,0.653914749622345,-0.5244187712669373,0.6005430817604065,1.0898653268814087,-0.7665485143661499,-1.2631335258483887,-1.7085747718811035,1.3209421634674072,0.2059900462627411,-0.9178301692008972,0.2356427162885666,-0.02590188756585121,0.40830859541893005,-0.04754997044801712,-0.1510303020477295,-0.1724710613489151,-0.337566614151001,0.22699156403541565,0.18152214586734772,-0.7389565706253052,0.09111681580543518,-0.031239965930581093,-0.20589198172092438,-1.1642711162567139,1.330061674118042,0.05267106369137764,0.0170051958411932,0.6234968304634094,0.023111313581466675,0.01580498367547989,-0.01962474174797535,0.12950938940048218,-0.033490341156721115,0.4154820740222931,-0.008740900084376335,-0.03360401839017868,-0.019839320331811905,0.159012570977211,-0.04879380017518997,0.4002908170223236,0.0,0.0,0.5,1.0,1.0,-0.16262546181678772,-0.0019208882004022598,0.016746144741773605,0.18607351183891296,0.09855149686336517,-0.6099066138267517,0.1280348002910614,0.12829862534999847,0.0066866627894341946,-0.020970569923520088,-0.16234572231769562,-0.6132331490516663
12,0.390625,-0.6872234344482422,2.454369306564331,8,0.052985187619924545,-0.011571383103728294,-0.22337843477725983,-0.07617896795272827,0.47253161668777466,-0.021494358777999878,0.015549710020422935,-0.4641242027282715,-0.12345892935991287,0.03008347749710083,-0.040004607290029526,-0.3429419696331024,-0.9561936259269714,0.3555077314376831,-0.012968875467777252,-0.5884596109390259,0.7608394026756287,-0.355424702167511,0.4056228995323181,-0.7031734585762024,0.5003564357757568,-1.3495897054672241,-0.6340571641921997,0.21967557072639465,-0.005785691551864147,-0.11168921738862991,-0.038089483976364136,-1.1637341976165771,-0.010747179388999939,-0.39222514629364014,-0.23206210136413574,1.3382704257965088,0.015041738748550415,0.3799976706504822,-0.1714709848165512,-0.8780968189239502,0.17775386571884155,-0.006484437733888626,0.505770206451416,-0.01958029717206955,-0.1777123510837555,-0.19718855619430542,-0.3515867292881012,0.2501782178878784,0.12520509958267212,-0.7170286178588867,0.10983778536319733,-0.014985240995883942,-0.11862902343273163,0.004378992598503828,-1.2007098197937012,-0.01278021652251482,-0.3804571330547333,-0.16525907814502716,1.347458839416504,0.009336190298199654,0.3630880117416382,-0.17333851754665375,-0.6760589480400085,0.01153763011097908,-0.04601474851369858,0.8361327648162842,-0.16983023285865784,-0.05822029709815979,-0.30570390820503235,-0.16279125213623047,0.006913448683917522,0.7487035989761353,-0.4407464265823364,0.12363661825656891,0.4032978117465973,0.08746768534183502,-0.17643171548843384,0.09584827721118927,0.26764315366744995,0.02902206778526306,-0.10641543567180634,-0.026921948418021202,0.43250444531440735,-0.07407482713460922,0.48878028988838196,-0.3832091987133026,0.27990296483039856,0.33374813199043274,0.8272050023078918,0.06580474972724915,-0.12081967294216156,0.6964783668518066,-0.37525033950805664,-0.9210807085037231,-0.9582189917564392,1.0749694108963013,-0.30506476759910583,-0.8780968189239502,0.17775386571884155,-0.006484437733888626,0.505770206451416,-0.01958029717206955,-0.1777123510837555,-0.19718855619430542,-0.3515867292881012,0.2501782178878784,0.12520509958267212,-0.7170286178588867,0.10983778536319733,-0.038089483976364136,-0.23206210136413574,-1.1637341976165771,1.3382704257965088,0.053239259868860245,0.01758086495101452,0.6224169135093689,0.014827024191617966,0.019232366234064102,-0.04308934509754181,0.0704442486166954,0.004438028670847416,0.386237770318985,-0.0013711219653487206,-0.036101870238780975,-0.043649014085531235,0.08799391984939575,0.0014802739024162292,0.3893733322620392,0.0,0.0,0.5,0.75,1.0,-0.162222757935524,-0.007862679660320282,0.018471505492925644,0.1847841739654541,0.10124438256025314,-0.608111560344696,0.1276313066482544,0.1293165385723114,0.002430214546620846,-0.02216506004333496,-0.16409747302532196,-0.6160717010498047
13,0.421875,-0.4908738136291504,2.650718927383423,4,0.053852032870054245,-0.0008930489420890808,-0.22841261327266693,-0.11098884046077728,0.46648162603378296,-0.004748668521642685,0.020126551389694214,-0.47567763924598694,-0.11128520965576172,0.04046294838190079,-0.04576997831463814,-0.32917675375938416,-0.9073499441146851,0.2824261784553528,0.042785629630088806,-0.5127854347229004,0.7493695020675659,-0.39390116930007935,0.41109025478363037,-0.6951436996459961,0.4484986960887909,-1.3419690132141113,-0.4687977731227875,0.1952795684337616,-0.0004465244710445404,-0.11420630663633347,-0.05549442023038864,-1.1667591333389282,-0.0023743342608213425,-0.3899367153644562,-0.23783881962299347,1.3443573713302612,0.020231474190950394,0.37711501121520996,-0.16458837687969208,-0.8536748886108398,0.1412130892276764,0.021392814815044403,0.5436072945594788,-0.025315262377262115,-0.19695058465003967,-0.1944548785686493,-0.34757184982299805,0.22424934804439545,0.12901552021503448,-0.6343989372253418,0.0976397842168808,-0.005287729203701019,-0.11634700745344162,-0.005987088195979595,-1.1989402770996094,-0.004950431175529957,-0.3797144889831543,-0.17449910938739777,1.3483953475952148,0.019293179735541344,0.36194729804992676,-0.16545315086841583,-0.6828156113624573,0.022035060450434685,-0.041439443826675415,0.8572934865951538,-0.17101143300533295,-0.0700918436050415,-0.2905905544757843,-0.1705845296382904,-0.011878546327352524,0.7291613221168518,-0.42699092626571655,0.12326646596193314,0.21362616121768951,0.02207893505692482,-0.4908332824707031,0.008283676579594612,0.2392459511756897,0.02445071190595627,-0.4505927562713623,0.07801569998264313,0.17498721182346344,-0.0040581729263067245,0.06843136250972748,-0.028429776430130005,0.37291377782821655,0.016110746189951897,0.5056297779083252,-0.22106045484542847,-0.5124046802520752,0.28370052576065063,-0.24036049842834473,-0.49119892716407776,-0.31496042013168335,1.3188520669937134,-0.07292111963033676,-0.8536748886108398,0.1412130892276764,0.021392814815044403,0.5436072945594788,-0.025315262377262115,-0.19695058465003967,-0.1944548785686493,-0.34757184982299805,0.22424934804439545,0.12901552021503448,-0.6343989372253418,0.0976397842168808,-0.05549442023038864,-0.23783881962299347,-1.1667591333389282,1.3443573713302612,0.05344033241271973,0.018087714910507202,0.6207885146141052,-0.0022937883622944355,0.014035765081644058,-0.06223437562584877,0.06895773857831955,0.012617812491953373,0.3762516677379608,0.009064695797860622,-0.025645330548286438,-0.06242269650101662,0.07477304339408875,0.018001440912485123,0.37158358097076416,0.0,0.0,0.5,0.75,1.0,-0.16023150086402893,-0.014926441945135593,0.0189749076962471,0.18185274302959442,0.10497328639030457,-0.6068060398101807,0.12739785015583038,0.12978757917881012,-0.0011013983748853207,-0.023497572168707848,-0.16496025025844574,-0.6177738308906555
14,0.453125,-0.2945244312286377,2.8470680713653564,8,0.054046012461185455,-0.0006029531359672546,-0.23180387914180756,-0.14013312757015228,0.4749988317489624,-0.00030862167477607727,0.022998446598649025,-0.4915432631969452,-0.09201280772686005,0.04571692273020744,-0.049323320388793945,-0.32729676365852356,-0.8799149990081787,0.2774161398410797,0.07379250228404999,-0.4967423975467682,0.7632548213005066,-0.4228208363056183,0.4405105412006378,-0.6511875987052917,0.3857012987136841,-1.2527440786361694,-0.28528496623039246,0.10187378525733948,-0.0003014765679836273,-0.11590193957090378,-0.07006656378507614,-1.1625006198883057,-0.00015431083738803864,-0.38850077986717224,-0.2457716315984726,1.3539936542510986,0.02285846136510372,0.3753383457660675,-0.16364838182926178,-0.8399575352668762,0.13870806992053986,0.036896251142024994,0.5516287684440613,-0.01837257668375969,-0.21141041815280914,-0.17974475026130676,-0.3255937993526459,0.19285064935684204,0.17362794280052185,-0.5426424741744995,0.05093689262866974,-0.002194005064666271,-0.11692339926958084,-0.026041608303785324,-1.199143886566162,-0.00010438519529998302,-0.3789968490600586,-0.19133974611759186,1.3548789024353027,0.022847937420010567,0.36201441287994385,-0.1677490770816803,-0.6739959716796875,0.03571978211402893,-0.04386746510863304,0.8603293895721436,-0.17919780313968658,-0.08389592915773392,-0.29367175698280334,-0.17300668358802795,-0.020379915833473206,0.7432855367660522,-0.43631041049957275,0.12445878982543945,0.06370717287063599,-0.02069452591240406,-0.7235109806060791,-0.0034903371706604958,0.10739009827375412,0.006399879232048988,-0.5952997803688049,0.30319744348526,0.0853063091635704,0.00813924428075552,-0.10376530140638351,0.49816974997520447,0.4853862524032593,-0.15217658877372742,-0.14574040472507477,-0.24633827805519104,-0.35157033801078796,-0.3456222712993622,0.015667187049984932,-0.2643436789512634,0.9831838607788086,0.12015119940042496,0.023234253749251366,-0.8399575352668762,0.13870806992053986,0.036896251142024994,0.5516287684440613,-0.01837257668375969,-0.21141041815280914,-0.17974475026130676,-0.3255937993526459,0.19285064935684204,0.17362794280052185,-0.5426424741744995,0.05093689262866974,-0.07006656378507614,-0.2457716315984726,-1.1625006198883057,1.3539936542510986,0.05310908332467079,0.018609195947647095,0.6193504333496094,-0.017864936962723732,0.02099553681910038,-0.03412498161196709,-0.11773504316806793,-0.002234811894595623,0.38551104068756104,0.02082221582531929,-0.021434957161545753,-0.030470045283436775,-0.10859961062669754,0.009119040332734585,0.389403373003006,0.0,0.0,0.5,0.75,1.0,-0.15733835101127625,-0.022335322573781013,0.017176048830151558,0.17792177200317383,0.10956239700317383,-0.6076446175575256,0.12757626175880432,0.12978915870189667,-0.002392434049397707,-0.025745026767253876,-0.16422444581985474,-0.6175487041473389
15,0.484375,-0.0981748104095459,3.0434181690216064,4,0.049960438162088394,-0.007801627740263939,-0.21709182858467102,-0.16187259554862976,0.4836168885231018,0.0023039476945996284,0.023860864341259003,-0.5212419033050537,-0.10413839668035507,0.02360451966524124,-0.0512407012283802,-0.346932977437973,-0.8432629704475403,0.33327198028564453,0.04717834293842316,-0.6668456792831421,0.819972038269043,-0.42964792251586914,0.39035630226135254,-0.6240254640579224,0.4230557680130005,-1.065974473953247,-0.21661889553070068,0.028464190661907196,-0.0039008138701319695,-0.10854591429233551,-0.08093629777431488,-1.1581915616989136,0.0011519738472998142,-0.3880695700645447,-0.26062095165252686,1.3479307889938354,0.01180225983262062,0.37437963485717773,-0.1734664887189865,-0.8216314315795898,0.16663599014282227,0.02358917146921158,0.4665771722793579,0.0099860280752182,-0.21482396125793457,-0.2048218548297882,-0.3120127320289612,0.21152788400650024,0.26701274514198303,-0.5083094835281372,0.014232095330953598,-0.0029990486800670624,-0.11642947793006897,-0.04979753494262695,-1.1985546350479126,0.0015037348493933678,-0.37967023253440857,-0.2106133997440338,1.368288278579712,0.02012411318719387,0.3620296120643616,-0.17594221234321594,-0.6469341516494751,0.05541226267814636,-0.04920842498540878,0.8360564708709717,-0.18253150582313538,-0.0939580500125885,-0.3324807584285736,-0.1647554337978363,-0.022238360717892647,0.8254743814468384,-0.47133535146713257,0.12249170988798141,-0.10800418257713318,0.10134617239236832,-0.8019602298736572,0.01294965110719204,0.047350089997053146,-0.05597004294395447,-0.6829286813735962,0.45044586062431335,-0.26301848888397217,0.012945135124027729,-0.24752333760261536,1.1105890274047852,0.42008793354034424,-0.20079752802848816,-1.3565715551376343,-0.5141585469245911,-0.7494809031486511,-1.5363861322402954,0.3174948990345001,-0.10752546042203903,2.677518367767334,-0.6025967001914978,-0.07440081238746643,-0.8216314315795898,0.16663599014282227,0.02358917146921158,0.4665771722793579,0.0099860280752182,-0.21482396125793457,-0.2048218548297882,-0.3120127320289612,0.21152788400650024,0.26701274514198303,-0.5083094835281372,0.014232095330953598,-0.08093629777431488,-0.26062095165252686,-1.1581915616989136,1.3479307889938354,0.05244101211428642,0.019451001659035683,0.6199287176132202,-0.030767513439059258,0.026569612324237823,0.03484413027763367,-0.3637845814228058,-0.021051501855254173,0.3708871901035309,0.030529772862792015,-0.017721861600875854,0.04191255569458008,-0.3872894048690796,-0.005628772079944611,0.37741029262542725,0.0,0.0,0.5,1.0,1.0,-0.15414085984230042,-0.029346654191613197,0.013480089604854584,0.17343813180923462,0.11821681261062622,-0.6113393306732178,0.1276932656764984,0.1300336718559265,0.004683550912886858,-0.028577901422977448,-0.15809500217437744,-0.6118155121803284
16,0.515625,0.0981748104095459,-3.0434179306030273,8,0.04739569500088692,-0.017332054674625397,-0.20925351977348328,-0.11262582987546921,0.4513899087905884,-0.046677716076374054,0.05101456493139267,-0.5137126445770264,-0.1373840868473053,-0.0007448922842741013,-0.06020055711269379,-0.39317864179611206,-0.7124704122543335,0.4300048351287842,-0.02943960204720497,-0.7573480606079102,0.9596682190895081,-0.3270149528980255,0.22768931090831757,-0.6251627206802368,0.4605286717414856,-0.7872298955917358,-0.12631231546401978,0.011971602216362953,-0.008666027337312698,-0.10462675988674164,-0.056312914937734604,-1.1743049621582031,-0.023338858038187027,-0.37449273467063904,-0.2568563222885132,1.3313080072402954,-0.00037244614213705063,0.369899719953537,-0.19658932089805603,-0.7562352418899536,0.2150024175643921,-0.014719801023602486,0.4213259816169739,0.07983409613370895,-0.16350747644901276,-0.2861553132534027,-0.3125813603401184,0.2302643358707428,0.40638506412506104,-0.46315616369247437,0.005985801108181477,-0.003936121240258217,-0.11695440858602524,-0.05543701350688934,-1.2308781147003174,-0.012977797538042068,-0.3731546401977539,-0.2199460119009018,1.358350396156311,0.0054855672642588615,0.35600462555885315,-0.16976848244667053,-0.6511555910110474,0.05496824532747269,-0.043708186596632004,0.813126266002655,-0.15632323920726776,-0.07712966203689575,-0.3503437340259552,-0.14008279144763947,-0.02922482043504715,0.8854698538780212,-0.49598339200019836,0.10805786401033401,-0.30218738317489624,0.32453739643096924,-0.811219334602356,0.09632932394742966,-0.1952706128358841,-0.05094701424241066,-0.7664255499839783,0.18086829781532288,-0.19160448014736176,0.23108674585819244,-0.10093272477388382,0.5675155520439148,0.1788230687379837,0.03679344058036804,-0.8545286059379578,-0.39787453413009644,-0.5040596723556519,-0.827816903591156,0.1866101324558258,-0.04106957092881203,1.6537636518478394,-0.18601076304912567,0.42073842883110046,-0.7562352418899536,0.2150024175643921,-0.014719801023602486,0.4213259816169739,0.07983409613370895,-0.16350747644901276,-0.2861553132534027,-0.3125813603401184,0.2302643358707428,0.40638506412506104,-0.46315616369247437,0.005985801108181477,-0.056312914937734604,-0.2568563222885132,-1.1743049621582031,1.3313080072402954,0.04888990893959999,0.019190896302461624,0.619878888130188,-0.01749047078192234,0.02768256515264511,0.0002863749396055937,-0.2326764166355133,0.01791348308324814,0.4052635431289673,0.03646869957447052,-0.01258848700672388,0.0033245887607336044,-0.2616395354270935,0.009000880643725395,0.40607431530952454,0.0,0.0,0.5,1.0,1.0,-0.15098276734352112,0.009785017929971218,0.01064347568899393,0.18018998205661774,0.11867926269769669,-0.6120655536651611,0.13669641315937042,0.10131968557834625,0.014573846012353897,-0.032697245478630066,-0.1447925567626953,-0.6031429767608643
17,0.546875,0.2945244312286377,-2.8470683097839355,8,0.04901561886072159,-0.019644659012556076,-0.22955156862735748,-0.0446179173886776,0.3917495012283325,-0.1348312348127365,0.0814390480518341,-0.4774290919303894,-0.12643462419509888,-0.0381007194519043,-0.07609279453754425,-0.4195292294025421,-0.36411088705062866,0.717178463935852,-0.22370722889900208,-1.0375139713287354,1.0170727968215942,-0.07940327376127243,0.1930745244026184,-0.319457083940506,0.41109976172447205,-0.2884597182273865,-0.03306491672992706,-0.0516352578997612,-0.009822329506278038,-0.11477578431367874,-0.0223089586943388,-1.204125165939331,-0.06741561740636826,-0.3592804968357086,-0.2387145459651947,1.3367825746536255,-0.01905035972595215,0.36195358633995056,-0.20976461470127106,-0.5820554494857788,0.358589231967926,-0.11185361444950104,0.2812429964542389,0.10853636264801025,-0.039701636880636215,-0.3034627437591553,-0.159728541970253,0.20554988086223602,0.6557700634002686,-0.4165324568748474,-0.0258176289498806,-0.006168471649289131,-0.1150997132062912,-0.0635867714881897,-1.2589938640594482,-0.050966985523700714,-0.3652092516422272,-0.2412266880273819,1.3477535247802734,-0.013675319030880928,0.35688042640686035,-0.17276886105537415,-0.6547932624816895,0.059679675847291946,-0.03175456449389458,0.79163658618927,-0.1416304111480713,-0.0765952467918396,-0.3696206510066986,-0.10827439278364182,-0.004969686269760132,0.9290739893913269,-0.5345225930213928,0.10383285582065582,-0.18456265330314636,0.18516147136688232,-0.39594417810440063,0.211431622505188,-0.7688217163085938,-0.040507011115550995,-0.7305400967597961,0.18360108137130737,-0.3119436502456665,0.2905976176261902,-0.4244561791419983,0.3032936453819275,0.13758066296577454,-0.028055543079972267,-0.5437081456184387,0.5201523303985596,-0.21487891674041748,-0.8060963749885559,0.3793955147266388,1.1213157176971436,0.7649604082107544,-0.28106802701950073,0.08770662546157837,-0.5820554494857788,0.358589231967926,-0.11185361444950104,0.2812429964542389,0.10853636264801025,-0.039701636880636215,-0.3034627437591553,-0.159728541970253,0.20554988086223602,0.6557700634002686,-0.4165324568748474,-0.0258176289498806,-0.0223089586943388,-0.2387145459651947,-1.204125165939331,1.3367825746536255,0.0462021566927433,0.019484084099531174,0.6193820238113403,0.006529664620757103,0.02309473603963852,0.013291864655911922,-0.06260612607002258,0.02427375689148903,0.4179571866989136,0.026244981214404106,-0.0226873941719532,-0.004656115546822548,-0.12280495464801788,-0.009217331185936928,0.40610629320144653,0.0,0.0,0.5,1.0,0.75,-0.14807182550430298,0.049266017973423004,0.008085984736680984,0.18781329691410065,0.1166958138346672,-0.6120766997337341,0.14366498589515686,0.07843805104494095,0.021256377920508385,-0.033587902784347534,-0.13728171586990356,-0.5963679552078247
18,0.578125,0.4908738136291504,-2.650718927383423,4,0.0418986901640892,-0.06493417918682098,-0.22645291686058044,-0.019325807690620422,0.39655575156211853,-0.12630942463874817,0.049756571650505066,-0.42856764793395996,-0.14057406783103943,-0.04257984459400177,-0.0988674908876419,-0.3932982087135315,-0.5105422139167786,0.8245453834533691,-0.20498323440551758,-1.335034966468811,0.7581318616867065,-0.049096543341875076,0.22623197734355927,-0.21442776918411255,0.37547537684440613,-0.1320972591638565,-0.3820020258426666,0.0628303810954094,-0.03246708959341049,-0.11322645843029022,-0.009662903845310211,-1.2017221450805664,-0.06315471231937408,-0.37512171268463135,-0.21428382396697998,1.329712986946106,-0.021289922297000885,0.3505662679672241,-0.19664910435676575,-0.6552711725234985,0.41227269172668457,-0.10249161720275879,0.13248252868652344,-0.020934075117111206,-0.024548271670937538,-0.28688400983810425,-0.10721388459205627,0.18773768842220306,0.7339513301849365,-0.591001033782959,0.0314151905477047,-0.0160948745906353,-0.11344219744205475,-0.06782011687755585,-1.2515387535095215,-0.06559985131025314,-0.36998113989830017,-0.2569705843925476,1.352284550666809,-0.019756056368350983,0.36393627524375916,-0.1797085851430893,-0.6678493022918701,0.055948205292224884,-0.03639748692512512,0.8005340099334717,-0.1420481652021408,-0.0571865476667881,-0.39674270153045654,-0.10141848772764206,0.030008327215909958,0.9468311071395874,-0.5207868814468384,0.10617139935493469,-0.5430265665054321,0.008857011795043945,0.10386592149734497,0.2920777201652527,-0.10997726768255234,-0.2839595377445221,-0.2905222773551941,0.11866912245750427,-0.08099623024463654,0.13750672340393066,-0.028570527210831642,-0.9558302760124207,-0.35409826040267944,-0.16347333788871765,0.7800944447517395,0.41008302569389343,1.4810632467269897,-0.8753442168235779,0.096968874335289,1.1726152896881104,0.383735716342926,0.7232188582420349,0.14219558238983154,-0.6552711725234985,0.41227269172668457,-0.10249161720275879,0.13248252868652344,-0.020934075117111206,-0.024548271670937538,-0.28688400983810425,-0.10721388459205627,0.18773768842220306,0.7339513301849365,-0.591001033782959,0.0314151905477047,-0.009662903845310211,-0.21428382396697998,-1.2017221450805664,1.329712986946106,0.046537235379219055,0.019460923969745636,0.6206878423690796,0.017362181097269058,-0.01559271477162838,0.06432576477527618,0.1762852668762207,0.12151284515857697,0.47385433316230774,-0.034060198813676834,-0.030265312641859055,0.0658663660287857,0.1646280288696289,0.14950115978717804,0.46681177616119385,0.0,0.0,0.5,1.0,0.5,-0.1487540304660797,0.049646731466054916,0.00973652582615614,0.19153949618339539,0.11506865918636322,-0.6110544800758362,0.13962170481681824,0.08722931146621704,0.02308632805943489,-0.026780661195516586,-0.1438230276107788,-0.595306396484375
19,0.609375,0.6872234344482422,-2.454369306564331,8,0.049329619854688644,-0.057407937943935394,-0.2255527675151825,-0.002795664593577385,0.395977646112442,-0.10833707451820374,0.02661038562655449,-0.45591920614242554,-0.1592499166727066,-0.03560420870780945,-0.09975584596395493,-0.35810714960098267,-0.6756930947303772,0.8564602136611938,-0.1471632868051529,-1.3504853248596191,0.5638655424118042,-0.09186238050460815,0.3110787570476532,-0.29470860958099365,0.4367261826992035,-0.3501098155975342,-0.38430047035217285,0.07817943394184113,-0.028703968971967697,-0.11277638375759125,-0.0013978322967886925,-1.2020111083984375,-0.05416853725910187,-0.3866948187351227,-0.22795960307121277,1.3203749656677246,-0.017802104353904724,0.3501220643520355,-0.17905357480049133,-0.7378465533256531,0.4282301068305969,-0.07358164340257645,0.12475735694169998,-0.11806721985340118,-0.04593119025230408,-0.24446064233779907,-0.14735430479049683,0.21836309134960175,0.6249450445175171,-0.5921502113342285,0.03908971697092056,-0.027870073914527893,-0.11006335914134979,-0.04687993600964546,-1.2384288311004639,-0.06022299826145172,-0.38381361961364746,-0.25636282563209534,1.3559367656707764,-0.017427755519747734,0.3584516644477844,-0.18700860440731049,-0.6621683835983276,0.05179449915885925,-0.03592677414417267,0.7875989675521851,-0.13469727337360382,-0.05456582084298134,-0.40383994579315186,-0.09008251875638962,0.07212658226490021,0.9402950406074524,-0.5301913619041443,0.10786233097314835,-0.22134089469909668,0.10195509344339371,0.9076052904129028,0.4767751097679138,0.26312050223350525,-0.4285544753074646,0.21888276934623718,0.0910327285528183,0.1512809693813324,-0.2316303253173828,-0.3288035988807678,0.6372310519218445,-0.029049187898635864,0.11976727843284607,-0.9428989291191101,0.4500769376754761,-0.3906653821468353,0.02706657350063324,0.5174331665039062,1.3422268629074097,-0.3133920431137085,-0.596419632434845,-0.0028497613966464996,-0.7378465533256531,0.4282301068305969,-0.07358164340257645,0.12475735694169998,-0.11806721985340118,-0.04593119025230408,-0.24446064233779907,-0.14735430479049683,0.21836309134960175,0.6249450445175171,-0.5921502113342285,0.03908971697092056,-0.0013978322967886925,-0.22795960307121277,-1.2020111083984375,1.3203749656677246,0.047194063663482666,0.019885865971446037,0.6218138337135315,0.025039993226528168,0.027389811351895332,0.02473526820540428,0.1262272298336029,-0.15412209928035736,0.3567546010017395,-0.0028122474905103445,-0.05286591500043869,0.030532751232385635,0.127009779214859,-0.12772217392921448,0.3625109791755676,0.0,0.0,0.5,1.0,0.75,-0.15004628896713257,0.05090246722102165,0.011783666908740997,0.19426365196704865,0.11213533580303192,-0.6110171675682068,0.13677352666854858,0.09583606570959091,0.022809013724327087,-0.020581061020493507,-0.15087765455245972,-0.5961089730262756
20,0.640625,0.8835728168487549,-2.2580199241638184,4,0.04876125231385231,-0.05204974114894867,-0.2144220769405365,-0.007084757089614868,0.3701365292072296,-0.08327513188123703,0.020341776311397552,-0.4520309865474701,-0.17925232648849487,-0.019174756482243538,-0.07060219347476959,-0.37491878867149353,-0.8014477491378784,0.7693857550621033,-0.0642227753996849,-1.1183291673660278,0.4194866418838501,-0.08064978569746017,0.2397240698337555,-0.5100452303886414,0.49573415517807007,-0.7163690328598022,-0.3157443404197693,0.08296670019626617,-0.026024870574474335,-0.10721103847026825,-0.003542378544807434,-1.2149317264556885,-0.041637565940618515,-0.3898290991783142,-0.22601549327373505,1.3103737831115723,-0.009587378241121769,0.3646989166736603,-0.18745939433574677,-0.8007239103317261,0.38469287753105164,-0.03211138769984245,0.24083545804023743,-0.19025668501853943,-0.04032489284873009,-0.2801379859447479,-0.2550226151943207,0.24786707758903503,0.44181549549102783,-0.5578721761703491,0.04148335009813309,-0.027299564331769943,-0.10857347398996353,-0.016130691394209862,-1.2252252101898193,-0.048738591372966766,-0.3917219638824463,-0.24084573984146118,1.3552824258804321,-0.010847187601029873,0.3557496666908264,-0.19882996380329132,-0.6341027021408081,0.05274613946676254,-0.029671374708414078,0.7489226460456848,-0.11989985406398773,-0.07028689235448837,-0.39781326055526733,-0.07367177307605743,0.10700540989637375,0.9260150194168091,-0.5307051539421082,0.10648885369300842,0.13673844933509827,-0.010628007352352142,1.0079410076141357,0.32506096363067627,0.42106306552886963,-0.07927259057760239,0.7340712547302246,-0.15713189542293549,0.22705814242362976,0.10258875042200089,-0.3572220504283905,0.8744884729385376,0.009883463382720947,0.2136957198381424,-1.232555627822876,0.4170934557914734,-0.6049966812133789,0.16275648772716522,0.34912246465682983,0.8218754529953003,-0.5806308388710022,0.4484541714191437,-0.04792454466223717,-0.8007239103317261,0.38469287753105164,-0.03211138769984245,0.24083545804023743,-0.19025668501853943,-0.04032489284873009,-0.2801379859447479,-0.2550226151943207,0.24786707758903503,0.44181549549102783,-0.5578721761703491,0.04148335009813309,-0.003542378544807434,-0.22601549327373505,-1.2149317264556885,1.3103737831115723,0.04796168953180313,0.020991165190935135,0.6220977902412415,0.023367639631032944,0.03560904413461685,0.0003130286931991577,0.1097276583313942,-0.16221502423286438,0.39193758368492126,0.012041342444717884,-0.05986814573407173,0.0015630442649126053,0.0940808653831482,-0.1888526976108551,0.3800937831401825,0.0,0.0,0.5,1.0,0.75,-0.15188300609588623,0.0519036129117012,0.009976811707019806,0.1933133602142334,0.1112125813961029,-0.6149438619613647,0.13660839200019836,0.10247588157653809,0.020553702488541603,-0.019306961447000504,-0.1535816788673401,-0.598069965839386
21,0.671875,1.0799224376678467,-2.0616703033447266,8,0.049092791974544525,-0.04025142267346382,-0.2282598614692688,-0.014245089143514633,0.39402684569358826,-0.04384881258010864,0.012835443019866943,-0.4751872420310974,-0.15792953968048096,0.003125007264316082,-0.05410689860582352,-0.3422524631023407,-0.810340166091919,0.5508700013160706,0.052816394716501236,-0.7703292369842529,0.4227030277252197,-0.13588844239711761,0.2518889605998993,-0.668831467628479,0.5184969305992126,-1.167377233505249,-0.28446313738822937,0.026593834161758423,-0.02012571133673191,-0.1141299307346344,-0.007122544571757317,-1.202986478805542,-0.02192440629005432,-0.393582284450531,-0.2375936210155487,1.3210351467132568,0.001562503632158041,0.37294653058052063,-0.17112623155117035,-0.8051700592041016,0.2754350006580353,0.026408197358250618,0.4148353934288025,-0.18864847719669342,-0.06794422119855881,-0.274055540561676,-0.3344157338142395,0.2592484652996063,0.21631142497062683,-0.542231559753418,0.013296917080879211,-0.022862588986754417,-0.11187972873449326,0.010299001820385456,-1.2211395502090454,-0.03241680562496185,-0.3907441198825836,-0.21722158789634705,1.3467751741409302,-0.0028414789121598005,0.361717164516449,-0.19736827909946442,-0.6260003447532654,0.047285646200180054,-0.02602270245552063,0.7340933680534363,-0.10840730369091034,-0.07480306923389435,-0.387334406375885,-0.0823303610086441,0.10788053274154663,0.8890799283981323,-0.4973207116127014,0.10593835264444351,0.16301026940345764,-0.1674090027809143,0.7826449871063232,0.05466818809509277,0.6382021903991699,0.10296173393726349,0.7520559430122375,-0.3229566812515259,0.29421505331993103,0.17915168404579163,0.3096538782119751,-0.10004263371229172,-0.3631296753883362,-0.1071547195315361,0.014878053218126297,-0.013786453753709793,0.744408130645752,0.5156512260437012,-0.6493602395057678,-0.43677377700805664,-1.5140219926834106,1.769547700881958,0.057406216859817505,-0.8051700592041016,0.2754350006580353,0.026408197358250618,0.4148353934288025,-0.18864847719669342,-0.06794422119855881,-0.274055540561676,-0.3344157338142395,0.2592484652996063,0.21631142497062683,-0.542231559753418,0.013296917080879211,-0.007122544571757317,-0.2375936210155487,-1.202986478805542,1.3210351467132568,0.04832795262336731,0.02181239053606987,0.621711790561676,0.005247487220913172,0.024275682866573334,-0.02008979022502899,0.1360248476266861,-0.08757755905389786,0.39834436774253845,0.01037133950740099,-0.038350366055965424,-0.018230849876999855,0.11982598900794983,-0.10066767781972885,0.39865633845329285,0.0,0.0,0.5,1.0,0.875,-0.15338127315044403,0.05230891704559326,0.008963612839579582,0.1930074393749237,0.10933192074298859,-0.6168795824050903,0.13588474690914154,0.1098562628030777,0.01500954944640398,-0.016000308096408844,-0.15561148524284363,-0.6029085516929626
22,0.703125,1.2762720584869385,-1.8653206825256348,4,0.05179932340979576,-0.024853333830833435,-0.23765622079372406,-0.042026616632938385,0.46524861454963684,0.005497617647051811,0.027601445093750954,-0.4709630608558655,-0.14746129512786865,0.01446465216577053,-0.052193887531757355,-0.28971442580223083,-0.7582472562789917,0.5027334690093994,0.06678534299135208,-0.512726366519928,0.5196084380149841,-0.1637706756591797,0.14860133826732635,-0.8003363013267517,0.49279260635375977,-1.3619256019592285,-0.2379254847764969,-0.07547622174024582,-0.012426666915416718,-0.11882811039686203,-0.021013308316469193,-1.1673756837844849,0.0027488088235259056,-0.3861992657184601,-0.23548153042793274,1.326269268989563,0.007232326082885265,0.3739030957221985,-0.14485721290111542,-0.7791235446929932,0.2513667345046997,0.03339267149567604,0.5436367988586426,-0.1401958018541336,-0.08188533782958984,-0.3256993293762207,-0.40016815066337585,0.24639630317687988,0.11903718113899231,-0.5189627408981323,-0.03773811087012291,-0.015203660354018211,-0.11937235295772552,0.025571975857019424,-1.2188421487808228,-0.006967809051275253,-0.38282617926597595,-0.1983216553926468,1.3388457298278809,0.005587362684309483,0.36444708704948425,-0.17821532487869263,-0.6482234001159668,0.03541499748826027,-0.03808318451046944,0.7608673572540283,-0.1248406320810318,-0.07644140720367432,-0.3799576461315155,-0.10231909900903702,0.07946106046438217,0.8733386397361755,-0.48753613233566284,0.10532112419605255,0.32613852620124817,-0.2411755919456482,0.2427332103252411,0.1374824345111847,0.9129648208618164,0.40591961145401,0.5036802291870117,-0.17675966024398804,0.21146675944328308,-0.00491110235452652,0.8653659820556641,-1.2020455598831177,-0.3660571873188019,-0.5021946430206299,1.5634398460388184,-0.9828501343727112,-0.46329134702682495,0.06360810995101929,-0.5888060927391052,-1.2324143648147583,0.1778365671634674,-0.5263789296150208,-0.039533644914627075,-0.7791235446929932,0.2513667345046997,0.03339267149567604,0.5436367988586426,-0.1401958018541336,-0.08188533782958984,-0.3256993293762207,-0.40016815066337585,0.24639630317687988,0.11903718113899231,-0.5189627408981323,-0.03773811087012291,-0.021013308316469193,-0.23548153042793274,-1.1673756837844849,1.326269268989563,0.04854448884725571,0.02228226140141487,0.6215840578079224,0.011645224876701832,0.010278149507939816,0.010134803131222725,0.020558640360832214,0.03434588760137558,0.40075623989105225,-0.004550574347376823,-0.02792343497276306,0.013068156316876411,0.028448201715946198,0.04367758333683014,0.39953458309173584,0.0,0.0,0.5,1.0,1.0,-0.15383656322956085,0.051839832216501236,0.011061638593673706,0.19339856505393982,0.10723467916250229,-0.6150413751602173,0.13565313816070557,0.11336453258991241,0.01147813256829977,-0.015121654607355595,-0.15711024403572083,-0.6059756278991699
23,0.734375,1.4726216793060303,-1.668971061706543,8,0.05102913826704025,-0.03931468725204468,-0.25474539399147034,-0.06606289744377136,0.4702378809452057,0.013691705651581287,0.033718377351760864,-0.46626466512680054,-0.1659010350704193,0.012859171256422997,-0.06613866239786148,-0.26490986347198486,-0.678392767906189,0.5023621320724487,0.018140695989131927,-0.2627474367618561,0.7337923645973206,-0.25196972489356995,-0.007231369614601135,-1.0373449325561523,0.53236985206604,-1.4180912971496582,0.11917302757501602,-0.07422420382499695,-0.01965734362602234,-0.12737269699573517,-0.03303144872188568,-1.1648811101913452,0.006845852825790644,-0.38314080238342285,-0.23313233256340027,1.317049503326416,0.006429585628211498,0.36693069338798523,-0.13245493173599243,-0.7391963601112366,0.25118106603622437,0.009070347994565964,0.6686263084411621,-0.03310384601354599,-0.12598486244678497,-0.40361565351486206,-0.5186724662780762,0.26618492603302,0.09095440804958344,-0.34041348099708557,-0.037112101912498474,-0.013110087253153324,-0.1256927251815796,0.024511585012078285,-1.2131048440933228,0.009853748604655266,-0.37328171730041504,-0.1885104924440384,1.336045265197754,0.008112741634249687,0.35901370644569397,-0.15805402398109436,-0.6808403134346008,0.03655632585287094,-0.035545606166124344,0.8113410472869873,-0.1470908224582672,-0.05385937914252281,-0.376071959733963,-0.1160348579287529,0.04787508025765419,0.8733985424041748,-0.4887045621871948,0.10556040704250336,-0.05997181683778763,-0.21255216002464294,-0.19069159030914307,0.2104365974664688,0.3509370684623718,0.25100746750831604,0.226883664727211,-0.053760334849357605,0.04457063972949982,-0.24347758293151855,0.5041430592536926,-0.9188408255577087,0.3331869840621948,0.3990475535392761,1.5787535905838013,-0.7832682132720947,0.8963022232055664,0.0631428211927414,-0.2948459982872009,-0.8975670337677002,0.11385556310415268,-0.2611750662326813,0.020409375429153442,-0.7391963601112366,0.25118106603622437,0.009070347994565964,0.6686263084411621,-0.03310384601354599,-0.12598486244678497,-0.40361565351486206,-0.5186724662780762,0.26618492603302,0.09095440804958344,-0.34041348099708557,-0.037112101912498474,-0.03303144872188568,-0.23313233256340027,-1.1648811101913452,1.317049503326416,0.04890991747379303,0.022574327886104584,0.6218764781951904,0.012504504062235355,0.008151289075613022,0.011451123282313347,-0.09491106867790222,0.06122705340385437,0.39535248279571533,0.0010864586802199483,-0.023279398679733276,0.012673230841755867,-0.07806158065795898,0.05388345569372177,0.39725735783576965,0.0,0.0,0.5,0.75,1.0,-0.1537920981645584,0.04938510060310364,0.016049658879637718,0.19285722076892853,0.10924054682254791,-0.6100835800170898,0.13567408919334412,0.11381563544273376,0.012216535396873951,-0.015874207019805908,-0.15601757168769836,-0.6058193445205688
24,0.765625,1.668971300125122,-1.4726214408874512,8,0.05444272607564926,-0.050654761493206024,-0.2672148048877716,-0.09099186211824417,0.49610912799835205,0.0013065226376056671,0.055302709341049194,-0.4680499732494354,-0.15106841921806335,0.027200840413570404,-0.05353403091430664,-0.28066232800483704,-0.5748443603515625,0.5036694407463074,-0.10883644223213196,-0.13529568910598755,0.7873973250389099,-0.33506274223327637,-0.028569228947162628,-1.2103744745254517,0.5034329295158386,-1.2697415351867676,0.3701958656311035,-0.08930354565382004,-0.025327380746603012,-0.1336074024438858,-0.045495931059122086,-1.1519453525543213,0.0006532613188028336,-0.3723486661911011,-0.2340249866247177,1.3244658708572388,0.013600420206785202,0.37323296070098877,-0.14033116400241852,-0.6874221563339233,0.2518347203731537,-0.05441822111606598,0.7323521375656128,-0.00630134716629982,-0.16753137111663818,-0.4142846465110779,-0.6051872372627258,0.2517164647579193,0.16512921452522278,-0.21490207314491272,-0.04465177282691002,-0.019401967525482178,-0.13331705331802368,0.0041356924921274185,-1.2049224376678467,0.008801175281405449,-0.3641076982021332,-0.18610137701034546,1.3341248035430908,0.011834980919957161,0.35435956716537476,-0.14611156284809113,-0.7016924619674683,0.05426207557320595,-0.02633679285645485,0.8595263957977295,-0.17198026180267334,-0.055083997547626495,-0.3673343062400818,-0.1257087141275406,0.01858442835509777,0.8623625636100769,-0.489548921585083,0.10303762555122375,-0.16858918964862823,-0.15167008340358734,-0.7213129997253418,0.19344475865364075,-0.22264033555984497,0.2147660106420517,-0.05448924005031586,-0.057716868817806244,0.15253907442092896,0.05933205783367157,0.1902066320180893,-0.30056461691856384,0.33737218379974365,-0.07400351017713547,0.908767819404602,-0.3567907214164734,-0.828292727470398,0.41882821917533875,-0.33435896039009094,-0.6716794967651367,-0.787453830242157,0.6588926911354065,-0.18869321048259735,-0.6874221563339233,0.2518347203731537,-0.05441822111606598,0.7323521375656128,-0.00630134716629982,-0.16753137111663818,-0.4142846465110779,-0.6051872372627258,0.2517164647579193,0.16512921452522278,-0.21490207314491272,-0.04465177282691002,-0.045495931059122086,-0.2340249866247177,-1.1519453525543213,1.3244658708572388,0.049034517258405685,0.022567305713891983,0.6219953298568726,-0.006786060519516468,-0.008850728161633015,-0.008196156471967697,-0.0907173901796341,0.09381324052810669,0.4001122713088989,0.005101639777421951,-0.0014300919137895107,-0.002456019865348935,-0.1186273992061615,0.09327808022499084,0.40132662653923035,0.0,0.0,0.5,0.625,1.0,-0.15131528675556183,0.04163740947842598,0.020043183118104935,0.18789300322532654,0.11548148095607758,-0.6051679849624634,0.13576792180538177,0.11407040059566498,0.012498964555561543,-0.01643133908510208,-0.15284956991672516,-0.6065808534622192
25,0.796875,1.8653209209442139,-1.2762718200683594,4,0.05356532335281372,-0.049887098371982574,-0.27237147092819214,-0.10126974433660507,0.5388001203536987,-0.010810263454914093,0.0497807040810585,-0.45031142234802246,-0.12193752825260162,0.028301902115345,-0.047157835215330124,-0.29708752036094666,-0.5598896145820618,0.5288456678390503,-0.09452410787343979,-0.2319488823413849,0.7468360662460327,-0.36054372787475586,0.134786456823349,-1.103431224822998,0.3784380555152893,-1.1097171306610107,0.3895047903060913,-0.055486008524894714,-0.024943549185991287,-0.13618573546409607,-0.050634872168302536,-1.1305999755859375,-0.0054051317274570465,-0.37510964274406433,-0.22515571117401123,1.3390312194824219,0.0141509510576725,0.37642109394073486,-0.14854376018047333,-0.6799448132514954,0.26442283391952515,-0.047262053936719894,0.6840255856513977,-0.026582010090351105,-0.18027186393737793,-0.3326067626476288,-0.551715612411499,0.18921902775764465,0.2451414316892624,-0.20524761080741882,-0.027743004262447357,-0.023474225774407387,-0.13610407710075378,-0.02047840505838394,-1.1972720623016357,0.0005848449654877186,-0.3612919747829437,-0.1896284967660904,1.3348129987716675,0.015471311286091805,0.35991111397743225,-0.1414390355348587,-0.7110084295272827,0.05978982895612717,-0.033472128212451935,0.8882421255111694,-0.19755911827087402,-0.07713605463504791,-0.3510759472846985,-0.13777533173561096,-0.0023927753791213036,0.8354650139808655,-0.48448121547698975,0.11392238736152649,-0.06841536611318588,-0.03526903688907623,-0.868126392364502,0.3315139412879944,-0.2610882520675659,-0.03746245056390762,-0.16643862426280975,0.14793799817562103,0.048921987414360046,0.2262243628501892,0.020713679492473602,-0.20628008246421814,0.2222289741039276,-0.2560550570487976,0.874119758605957,-0.785780131816864,-0.10790577530860901,0.17550840973854065,-0.26068979501724243,-0.5444567203521729,-0.18901388347148895,-0.38102394342422485,0.2903962731361389,-0.6799448132514954,0.26442283391952515,-0.047262053936719894,0.6840255856513977,-0.026582010090351105,-0.18027186393737793,-0.3326067626476288,-0.551715612411499,0.18921902775764465,0.2451414316892624,-0.20524761080741882,-0.027743004262447357,-0.050634872168302536,-0.22515571117401123,-1.1305999755859375,1.3390312194824219,0.04881114140152931,0.022155575454235077,0.6217510104179382,-0.004695824813097715,-0.01810363121330738,0.00599646894261241,-0.07822869718074799,0.07339530438184738,0.4103069603443146,0.0023457054048776627,0.016903366893529892,-0.011899871751666069,-0.02235153317451477,0.07381850481033325,0.409623384475708,0.0,0.0,0.5,0.75,1.0,-0.15161508321762085,0.03332945331931114,0.021652575582265854,0.18340903520584106,0.11896269023418427,-0.6024940609931946,0.1360921412706375,0.11416447162628174,0.009235664270818233,-0.01683885231614113,-0.1525505930185318,-0.6098882555961609
26,0.828125,2.0616700649261475,-1.0799226760864258,8,0.05413348972797394,-0.04331739991903305,-0.27275118231773376,-0.11924531310796738,0.5410979986190796,-0.016011126339435577,0.04202331602573395,-0.4403170347213745,-0.11867592483758926,0.00866346899420023,-0.05883556231856346,-0.3024805784225464,-0.608871579170227,0.5659692287445068,-0.09280379116535187,-0.4093870520591736,0.7026440501213074,-0.4006495773792267,0.2504769265651703,-0.9786316156387329,0.30137187242507935,-0.9863332509994507,0.3254115581512451,0.015698153525590897,-0.021658699959516525,-0.13637559115886688,-0.05962265655398369,-1.129451036453247,-0.008005563169717789,-0.3789883553981781,-0.22015851736068726,1.3406621217727661,0.004331734497100115,0.37058225274086,-0.1512402892112732,-0.7044358253479004,0.2829846143722534,-0.046401895582675934,0.5953065156936646,-0.0486779510974884,-0.20032478868961334,-0.2747615575790405,-0.48931580781936646,0.15068593621253967,0.3068333864212036,-0.2372942417860031,0.007849076762795448,-0.021675407886505127,-0.13658319413661957,-0.0446639209985733,-1.1857731342315674,-0.004495786968618631,-0.3673722743988037,-0.19566377997398376,1.3422898054122925,0.009735717438161373,0.3636455535888672,-0.14128561317920685,-0.7087908983230591,0.06460355222225189,-0.03668608516454697,0.9069724678993225,-0.21262776851654053,-0.08718729764223099,-0.3349542021751404,-0.14688123762607574,-0.01841113716363907,0.8110591769218445,-0.4734939634799957,0.11386849731206894,0.08935799449682236,0.009074602276086807,-0.7525425553321838,0.39631515741348267,-0.12026552110910416,-0.26001179218292236,-0.20645180344581604,0.2923768162727356,-0.24275919795036316,0.08091679960489273,-0.04297950863838196,0.32935211062431335,0.1242513507604599,-0.0760922059416771,0.3483712077140808,-0.37486591935157776,-0.16559404134750366,0.6494277715682983,-0.26863497495651245,-0.42387866973876953,-0.9974548816680908,0.7738174200057983,0.06686234474182129,-0.7044358253479004,0.2829846143722534,-0.046401895582675934,0.5953065156936646,-0.0486779510974884,-0.20032478868961334,-0.2747615575790405,-0.48931580781936646,0.15068593621253967,0.3068333864212036,-0.2372942417860031,0.007849076762795448,-0.05962265655398369,-0.22015851736068726,-1.129451036453247,1.3406621217727661,0.04852452874183655,0.021702252328395844,0.6218013763427734,-0.013255242258310318,-0.014384984038770199,-0.0029719192534685135,-0.007634671870619059,-0.008364750072360039,0.39313262701034546,0.005083057563751936,0.018740050494670868,0.001530566718429327,-0.02709255740046501,0.009657863527536392,0.3991571068763733,0.0,0.0,0.5,0.75,1.0,-0.15285278856754303,0.02458307333290577,0.022639600560069084,0.17738556861877441,0.12088335305452347,-0.6014518141746521,0.1361742913722992,0.1142137348651886,0.007593044079840183,-0.018102023750543594,-0.15244300663471222,-0.6118698716163635
27,0.859375,2.2580196857452393,-0.883573055267334,4,0.05381791293621063,-0.04864749684929848,-0.25606945157051086,-0.12777796387672424,0.5344437956809998,-0.017642531543970108,0.03611358255147934,-0.41934695839881897,-0.0944424569606781,-0.003280051052570343,-0.05815247446298599,-0.31860676407814026,-0.698875904083252,0.5736322402954102,-0.10827190428972244,-0.5519782304763794,0.6431563496589661,-0.39977091550827026,0.3619104027748108,-0.8520368337631226,0.28142333030700684,-0.7760188579559326,0.23626017570495605,0.0823068767786026,-0.02432374842464924,-0.12803472578525543,-0.06388898193836212,-1.1327781677246094,-0.008821265771985054,-0.3819432258605957,-0.20967347919940948,1.3527787923812866,-0.0016400255262851715,0.3709237575531006,-0.15930338203907013,-0.7494379281997681,0.2868161201477051,-0.05413595214486122,0.524010956287384,-0.07842183113098145,-0.19988545775413513,-0.21904480457305908,-0.4260184168815613,0.14071166515350342,0.41199058294296265,-0.28186991810798645,0.0411534383893013,-0.020696237683296204,-0.13383930921554565,-0.06483004987239838,-1.1745167970657349,-0.006524760276079178,-0.375739187002182,-0.20033320784568787,1.3527748584747314,0.0029520427342504263,0.36548590660095215,-0.14611555635929108,-0.6875696182250977,0.06727690994739532,-0.03876691684126854,0.9038568139076233,-0.2279578596353531,-0.09346172213554382,-0.3189812898635864,-0.15357059240341187,-0.025040684267878532,0.7887582182884216,-0.4633810520172119,0.11776524782180786,-0.01655001938343048,0.13338914513587952,-0.5949126482009888,0.3514673709869385,-0.06880033016204834,-0.2747510075569153,-0.08706645667552948,0.42403727769851685,-0.17372938990592957,0.041325293481349945,-0.2994086742401123,0.9774962663650513,0.14595085382461548,-0.046875402331352234,-0.49541497230529785,-0.45692548155784607,-0.14379426836967468,-0.029243111610412598,-0.07530702650547028,0.24297839403152466,0.20798517763614655,0.22248190641403198,0.10470612347126007,-0.7494379281997681,0.2868161201477051,-0.05413595214486122,0.524010956287384,-0.07842183113098145,-0.19988545775413513,-0.21904480457305908,-0.4260184168815613,0.14071166515350342,0.41199058294296265,-0.28186991810798645,0.0411534383893013,-0.06388898193836212,-0.20967347919940948,-1.1327781677246094,1.3527787923812866,0.048016779124736786,0.021279843524098396,0.6215569376945496,-0.015502123162150383,-0.014787554740905762,0.001481880433857441,-0.016532035544514656,-0.03786519169807434,0.39865896105766296,0.01067378744482994,0.025544095784425735,-0.020168401300907135,0.05378565564751625,-0.05098828300833702,0.3901989459991455,0.0,0.0,0.5,0.75,1.0,-0.1539192646741867,0.015306957066059113,0.021176215261220932,0.16959159076213837,0.1218443363904953,-0.6031954288482666,0.136382594704628,0.11423495411872864,0.00485231215134263,-0.020745515823364258,-0.1536637842655182,-0.6143450140953064
28,0.890625,2.454369306564331,-0.6872234344482422,8,0.05098646134138107,-0.04693033918738365,-0.24847275018692017,-0.13061246275901794,0.5465943813323975,-0.013143855147063732,0.030435549095273018,-0.42620885372161865,-0.12159077823162079,-0.0323711559176445,-0.044701725244522095,-0.3459033668041229,-0.7713741660118103,0.5961316823959351,-0.14391984045505524,-0.7239007949829102,0.7009523510932922,-0.3973059058189392,0.40356019139289856,-0.7023136019706726,0.3342968821525574,-0.6960927844047546,0.12320031970739365,0.10116215795278549,-0.023465169593691826,-0.12423637509346008,-0.06530623137950897,-1.1267027854919434,-0.006571927573531866,-0.38478222489356995,-0.21310442686080933,1.3392045497894287,-0.01618557795882225,0.37764912843704224,-0.17295168340206146,-0.7856870889663696,0.29806584119796753,-0.07195992022752762,0.4380496144294739,-0.04952380061149597,-0.1986529529094696,-0.198219895362854,-0.3511568009853363,0.1671484410762787,0.45195358991622925,-0.33839982748031616,0.050581078976392746,-0.021731238812208176,-0.12912499904632568,-0.07875722646713257,-1.1642754077911377,-0.007252918090671301,-0.3834187388420105,-0.19889220595359802,1.3675130605697632,-0.004350957926362753,0.3676506578922272,-0.15705789625644684,-0.6503158211708069,0.0753139778971672,-0.04022333398461342,0.8702996969223022,-0.22147463262081146,-0.09955582022666931,-0.3452814817428589,-0.14762870967388153,-0.004638939630240202,0.8406502604484558,-0.47580668330192566,0.12351245433092117,-0.025481855496764183,0.19274315237998962,-0.3653283417224884,0.33241817355155945,0.003247790038585663,-0.22405105829238892,0.09168092906475067,0.4595937728881836,-0.2870035767555237,0.08850803971290588,-0.2777332067489624,1.3105690479278564,0.19317938387393951,-0.04584959149360657,-1.5015525817871094,0.2798466086387634,-0.41323500871658325,-0.8963122963905334,0.22526532411575317,0.47999411821365356,1.7775323390960693,-0.10232463479042053,0.31027135252952576,-0.7856870889663696,0.29806584119796753,-0.07195992022752762,0.4380496144294739,-0.04952380061149597,-0.1986529529094696,-0.198219895362854,-0.3511568009853363,0.1671484410762787,0.45195358991622925,-0.33839982748031616,0.050581078976392746,-0.06530623137950897,-0.21310442686080933,-1.1267027854919434,1.3392045497894287,0.04778241366147995,0.021040810272097588,0.6222094893455505,-0.0070566097274422646,-0.0024378052912652493,0.016211319714784622,-0.18865451216697693,-0.041172292083501816,0.4262101948261261,0.008756332099437714,0.014075253158807755,0.019422227516770363,-0.17566704750061035,-0.03934086114168167,0.42239615321159363,0.0,0.0,0.5,0.875,1.0,-0.15513205528259277,0.006053111515939236,0.016993943601846695,0.16233760118484497,0.12562106549739838,-0.6079661250114441,0.13945287466049194,0.11565802991390228,0.010225928388535976,-0.023309435695409775,-0.15485788881778717,-0.609864354133606
29,0.921875,2.650718927383423,-0.4908738136291504,4,0.04954090341925621,-0.06379538774490356,-0.2235010862350464,-0.11245619505643845,0.5563141107559204,-0.0169367678463459,0.033993180841207504,-0.43320539593696594,-0.11797438561916351,-0.03551417216658592,-0.033731743693351746,-0.38910382986068726,-0.7632307410240173,0.6802359819412231,-0.183994859457016,-0.8485921025276184,0.8258562088012695,-0.4009935259819031,0.3083151876926422,-0.6146054267883301,0.49387454986572266,-0.569000780582428,-0.09808395802974701,0.15403583645820618,-0.03189769387245178,-0.1117505431175232,-0.05622809752821922,-1.1218429803848267,-0.00846838392317295,-0.3830034136772156,-0.21660269796848297,1.341012716293335,-0.01775708608329296,0.383134126663208,-0.19455191493034363,-0.7816153764724731,0.3401179909706116,-0.091997429728508,0.37570399045944214,0.012928113341331482,-0.20049676299095154,-0.24584242701530457,-0.30730271339416504,0.24693727493286133,0.5154995918273926,-0.4490419924259186,0.07701791822910309,-0.02450462616980076,-0.12083238363265991,-0.08452121168375015,-1.1553330421447754,-0.00656712194904685,-0.38840359449386597,-0.19661113619804382,1.3772518634796143,-0.012511642649769783,0.37153834104537964,-0.16342753171920776,-0.6193357706069946,0.07522161304950714,-0.044531919062137604,0.8244759440422058,-0.2032867968082428,-0.10102218389511108,-0.367175817489624,-0.14320793747901917,-0.002480786293745041,0.8836733102798462,-0.47083038091659546,0.130626380443573,-0.17503680288791656,0.26619353890419006,-0.07032892853021622,0.23362471163272858,-0.0019393488764762878,-0.08539057523012161,0.012559622526168823,0.20067983865737915,-0.15838882327079773,0.13729771971702576,-0.06618168950080872,0.05506724864244461,-0.17498916387557983,-0.3667646050453186,-0.41156235337257385,0.004251250997185707,0.30422577261924744,-0.6818831562995911,-0.012288626283407211,-0.19563709199428558,1.1544206142425537,0.3416687846183777,0.05950320139527321,-0.7816153764724731,0.3401179909706116,-0.091997429728508,0.37570399045944214,0.012928113341331482,-0.20049676299095154,-0.24584242701530457,-0.30730271339416504,0.24693727493286133,0.5154995918273926,-0.4490419924259186,0.07701791822910309,-0.05622809752821922,-0.21660269796848297,-1.1218429803848267,1.341012716293335,0.04753681272268295,0.02098059095442295,0.6222090721130371,-0.002934858435764909,-0.011017760261893272,0.0034367761109024286,-0.11594420671463013,0.06483553349971771,0.41651612520217896,0.006325187627226114,0.014201397076249123,-0.012960780411958694,-0.16414996981620789,0.007316200062632561,0.41217368841171265,0.0,0.0,0.5,1.0,1.0,-0.15614795684814453,0.0015385095030069351,0.010687492787837982,0.15927454829216003,0.12884581089019775,-0.6137858033180237,0.14095699787139893,0.11691507697105408,0.01630455255508423,-0.025649715214967728,-0.15343748033046722,-0.604434072971344
30,0.953125,2.8470685482025146,-0.2945241928100586,8,0.049916282296180725,-0.07207445055246353,-0.22778217494487762,-0.11684827506542206,0.5670847296714783,-0.03665435314178467,0.038034215569496155,-0.4275994300842285,-0.09504307806491852,-0.04083354398608208,-0.03902561962604523,-0.3920001685619354,-0.6851175427436829,0.7858273983001709,-0.18128494918346405,-0.9603725075721741,0.8726464509963989,-0.3421211838722229,0.28463301062583923,-0.5973236560821533,0.5753394365310669,-0.606859564781189,-0.3891125023365021,0.14476925134658813,-0.036037225276231766,-0.11389108747243881,-0.05842413753271103,-1.1164575815200806,-0.018327176570892334,-0.380982905626297,-0.21379971504211426,1.3524785041809082,-0.02041677199304104,0.3804871737957001,-0.1960000842809677,-0.7425587177276611,0.39291369915008545,-0.09064247459173203,0.3198137581348419,0.0363231897354126,-0.17106059193611145,-0.25768351554870605,-0.29866182804107666,0.28766971826553345,0.49657025933265686,-0.5945562720298767,0.07238462567329407,-0.031009577214717865,-0.11435282230377197,-0.07995148003101349,-1.150697946548462,-0.012018537148833275,-0.387191504240036,-0.19753976166248322,1.3803960084915161,-0.015893418341875076,0.3734838366508484,-0.17142131924629211,-0.6248640418052673,0.07394301146268845,-0.047330647706985474,0.8261925578117371,-0.19784152507781982,-0.10099214315414429,-0.3825991451740265,-0.14088720083236694,0.0034429430961608887,0.9053913950920105,-0.4768688976764679,0.13611261546611786,-0.22867122292518616,0.1588929146528244,0.2523748576641083,0.10733217746019363,-0.2291981279850006,0.11473628878593445,-0.03568974882364273,0.06393807381391525,-0.11333628743886948,0.03620537370443344,-0.3236956000328064,-0.446210652589798,-0.057133421301841736,-0.060508038848638535,0.49393606185913086,0.5536202192306519,0.046726565808057785,-0.39775776863098145,0.10636036098003387,0.4306394159793854,0.4376399517059326,-0.8208224773406982,0.2737027406692505,-0.7425587177276611,0.39291369915008545,-0.09064247459173203,0.3198137581348419,0.0363231897354126,-0.17106059193611145,-0.25768351554870605,-0.29866182804107666,0.28766971826553345,0.49657025933265686,-0.5945562720298767,0.07238462567329407,-0.05842413753271103,-0.21379971504211426,-1.1164575815200806,1.3524785041809082,0.04746992141008377,0.020628655329346657,0.6222114562988281,-0.0003088824450969696,-0.0125137809664011,0.0038488509599119425,0.02040916495025158,0.06808265298604965,0.37076887488365173,-0.007476089522242546,0.007561963517218828,0.002867482602596283,-0.0018434133380651474,0.07237010449171066,0.3775366246700287,0.0,0.0,0.5,1.0,0.875,-0.15682712197303772,0.0012065945193171501,0.010273339226841927,0.16234147548675537,0.12845495343208313,-0.6137024760246277,0.14154936373233795,0.11813126504421234,0.019770536571741104,-0.02533375471830368,-0.15352612733840942,-0.6010552048683167
31,0.984375,3.0434181690216064,-0.0981745719909668,4,0.05272528901696205,-0.07438819855451584,-0.23999321460723877,-0.12816348671913147,0.5638068914413452,-0.045350581407547,0.03731900453567505,-0.4101177155971527,-0.0968257263302803,-0.054878249764442444,-0.023919522762298584,-0.38283976912498474,-0.7089357972145081,0.7908761501312256,-0.16790086030960083,-1.0467031002044678,0.8073851466178894,-0.31377938389778137,0.28729143738746643,-0.6012867093086243,0.49753904342651367,-0.6458988189697266,-0.3989761769771576,0.11206739395856857,-0.03719409927725792,-0.11999660730361938,-0.06408174335956573,-1.1180965900421143,-0.0226752907037735,-0.38134050369262695,-0.20505885779857635,1.351587176322937,-0.027439124882221222,0.3880402445793152,-0.19141988456249237,-0.7544678449630737,0.3954380750656128,-0.08395043015480042,0.2766484022140503,0.003692563623189926,-0.15688969194889069,-0.25635427236557007,-0.30064335465431213,0.24876952171325684,0.4770506024360657,-0.5994880795478821,0.056033696979284286,-0.037238262593746185,-0.1131095364689827,-0.0691644549369812,-1.1494234800338745,-0.018863726407289505,-0.3816085755825043,-0.19639109075069427,1.3808151483535767,-0.020837239921092987,0.3762763738632202,-0.1835803985595703,-0.6399787664413452,0.0710071548819542,-0.04857557266950607,0.847699761390686,-0.2009204626083374,-0.09953389316797256,-0.38906264305114746,-0.1389407217502594,0.022246606647968292,0.9050459861755371,-0.5094947218894958,0.14044907689094543,-0.1284940093755722,-0.04012696444988251,0.45375314354896545,0.0017615285469219089,-0.17891934514045715,0.20472903549671173,0.12820711731910706,-0.03182623162865639,-0.1821955442428589,0.15680363774299622,-0.5431360006332397,-0.12471020221710205,-0.05395716428756714,0.1228608787059784,0.23480360209941864,-0.37181633710861206,-0.13129174709320068,-0.05027136206626892,0.024817228317260742,0.7202928066253662,-0.37746289372444153,-0.5381619334220886,0.004800518974661827,-0.7544678449630737,0.3954380750656128,-0.08395043015480042,0.2766484022140503,0.003692563623189926,-0.15688969194889069,-0.25635427236557007,-0.30064335465431213,0.24876952171325684,0.4770506024360657,-0.5994880795478821,0.056033696979284286,-0.06408174335956573,-0.20505885779857635,-1.1180965900421143,1.351587176322937,0.04750492051243782,0.020321788266301155,0.6224877238273621,-0.0007065772078931332,-0.003598602721467614,0.0050076888874173164,0.1190260574221611,-0.004664837382733822,0.3672536015510559,-0.0015444220043718815,0.0034177410416305065,0.009823059663176537,0.12165102362632751,0.017431776970624924,0.3702296316623688,0.0,0.0,0.5,1.0,0.75,-0.15753494203090668,0.0013840850442647934,0.0131521699950099,0.16539332270622253,0.12581351399421692,-0.6112576127052307,0.14299426972866058,0.12213832139968872,0.020472727715969086,-0.022928722202777863,-0.1575702577829361,-0.6001532673835754
